{"type": "FeatureCollection", "features": [{"type": "Feature", "geometry": {"type": "Point", "coordinates": [30.2311616, 60.0232125]}, "properties": {"osm_id": "node/270964617", "name": "улица Шаврова", "public_transport": "stop_position", "railway": "tram_stop", "tram": "yes"}}, {"type": "Feature", "geometry": {"type": "Point", "coordinates": [30.2448159, 60.0116076]}, "properties": {"osm_id": "node/273102046", "name": "Торговый центр", "public_transport": "stop_position", "railway": "tram_stop", "tram": "yes"}}, {"type": "Feature", "geometry": {"type": "Point", "coordinates": [30.2481257, 60.0087912]}, "properties": {"osm_id": "node/273102047", "name": "улица Ильюшина", "public_transport": "stop_position", "railway": "tram_stop", "tram": "yes"}}, {"type": "Feature", "geometry": {"type": "Point", "coordinates": [30.241901, 60.0140913]}, "properties": {"osm_id": "node/273102066", "name": "Долгоозёрная улица", "public_transport": "stop_position", "railway": "tram_stop", "tram": "yes"}}, {"type": "Feature", "geometry": {"type": "Point", "coordinates": [30.2377029, 60.017663]}, "properties": {"osm_id": "node/273102080", "name": "Школа", "public_transport": "stop_position", "railway": "tram_stop", "tram": "yes"}}, {"type": "Feature", "geometry": {"type": "Point", "coordinates": [30.2578357, 60.0071544]}, "properties": {"osm_id": "node/273102140", "name": "станция метро «Комендантский проспект»", "public_transport": "stop_position", "railway": "tram_stop", "tram": "yes"}}, {"type": "Feature", "geometry": {"type": "Point", "coordinates": [30.2664898, 60.007093]}, "properties": {"osm_id": "node/273102141", "name": "улица Маршала Новикова", "public_transport": "stop_position", "railway": "tram_stop", "tram": "yes"}}, {"type": "Feature", "geometry": {"type": "Point", "coordinates": [30.2720709, 60.0063641]}, "properties": {"osm_id": "node/273102282", "name": "проспект Сизова", "public_transport": "stop_position", "railway": "tram_stop", "tram": "yes"}}, {"type": "Feature", "geometry": {"type": "Point", "coordinates": [30.2761687, 60.0058302]}, "properties": {"osm_id": "node/273102283", "name": "Байконурская улица", "public_transport": "stop_position", "railway": "tram_stop", "tram": "yes"}}, {"type": "Feature", "geometry": {"type": "Point", "coordinates": [30.2809059, 60.0052157]}, "properties": {"osm_id": "node/273102346", "name": "Серебристый бульвар", "public_transport": "stop_position", "railway": "tram_stop", "tram": "yes"}}, {"type": "Feature", "geometry": {"type": "Point", "coordinates": [30.2898322, 60.0040527]}, "properties": {"osm_id": "node/273102514", "name": "проспект Испытателей, 11", "public_transport": "stop_position", "railway": "tram_stop", "tram": "yes"}}, {"type": "Feature", "geometry": {"type": "Point", "coordinates": [30.2968689, 60.0031367]}, "properties": {"osm_id": "node/273102515", "name": "станция метро «Пионерская»", "public_transport": "stop_position", "railway": "tram_stop", "tram": "yes"}}, {"type": "Feature", "geometry": {"type": "Point", "coordinates": [30.2542251, 59.991007]}, "properties": {"osm_id": "node/298318596", "bench": "yes", "bin": "yes", "bus": "yes", "highway": "bus_stop", "lit": "no", "name": "станция метро «Старая Деревня»", "public_transport": "platform", "shelter": "yes", "tactile_paving": "no"}}, {"type": "Feature", "geometry": {"type": "Point", "coordinates": [30.2704212, 60.0170169]}, "properties": {"osm_id": "node/504910965", "bench": "yes", "bin": "yes", "bus": "yes", "highway": "bus_stop", "lit": "yes", "name": "улица Маршала Новикова", "public_transport": "platform", "shelter": "yes", "tactile_paving": "no"}}, {"type": "Feature", "geometry": {"type": "Point", "coordinates": [30.272884, 60.017848]}, "properties": {"osm_id": "node/504910982", "bench": "yes", "bin": "yes", "bus": "yes", "highway": "bus_stop", "lit": "yes", "name": "Парашютная улица, угол улицы Маршала Новикова", "public_transport": "platform", "shelter": "no", "tactile_paving": "no"}}, {"type": "Feature", "geometry": {"type": "Point", "coordinates": [30.2721038, 60.0065962]}, "properties": {"osm_id": "node/504916708", "bench": "yes", "bin": "yes", "bus": "yes", "highway": "bus_stop", "lit": "yes", "name": "проспект Сизова", "public_transport": "platform", "shelter": "yes", "tactile_paving": "no"}}, {"type": "Feature", "geometry": {"type": "Point", "coordinates": [30.2661733, 60.0080944]}, "properties": {"osm_id": "node/504916709", "bench": "yes", "bin": "yes", "bus": "yes", "highway": "bus_stop", "lit": "yes", "name": "проспект Испытателей, угол улицы Маршала Новикова", "public_transport": "platform", "shelter": "yes", "tactile_paving": "no"}}, {"type": "Feature", "geometry": {"type": "Point", "coordinates": [30.2658785, 60.0081734]}, "properties": {"osm_id": "node/504916710", "bench": "yes", "bin": "yes", "bus": "yes", "highway": "bus_stop", "lit": "yes", "name": "улица Маршала Новикова", "public_transport": "platform", "shelter": "yes", "tactile_paving": "no", "wheelchair": "yes"}}, {"type": "Feature", "geometry": {"type": "Point", "coordinates": [30.2701777, 60.0157592]}, "properties": {"osm_id": "node/504918307", "bench": "yes", "bin": "yes", "bus": "yes", "highway": "bus_stop", "lit": "yes", "name": "Ольховая улица", "public_transport": "platform", "shelter": "yes", "tactile_paving": "no"}}, {"type": "Feature", "geometry": {"type": "Point", "coordinates": [30.2689003, 60.013341]}, "properties": {"osm_id": "node/506527335", "bench": "yes", "bin": "yes", "bus": "yes", "highway": "bus_stop", "lit": "yes", "name": "улица Маршала Новикова", "public_transport": "platform", "shelter": "yes", "tactile_paving": "no"}}, {"type": "Feature", "geometry": {"type": "Point", "coordinates": [30.2647488, 60.0132066]}, "properties": {"osm_id": "node/506527337", "bench": "yes", "bin": "yes", "bus": "yes", "highway": "bus_stop", "lit": "yes", "name": "площадь Сикорского", "public_transport": "platform", "shelter": "yes", "tactile_paving": "no", "trolleybus": "yes"}}, {"type": "Feature", "geometry": {"type": "Point", "coordinates": [30.2632367, 60.0125893]}, "properties": {"osm_id": "node/506527338", "bench": "yes", "bin": "yes", "bus": "yes", "highway": "bus_stop", "lit": "yes", "name": "площадь Сикорского", "public_transport": "platform", "shelter": "yes", "tactile_paving": "no", "trolleybus": "yes"}}, {"type": "Feature", "geometry": {"type": "Point", "coordinates": [30.2680258, 60.012395]}, "properties": {"osm_id": "node/506527339", "bench": "yes", "bin": "yes", "bus": "yes", "highway": "bus_stop", "lit": "yes", "name": "проспект Королёва", "public_transport": "platform", "shelter": "yes", "tactile_paving": "no"}}, {"type": "Feature", "geometry": {"type": "Point", "coordinates": [30.2558628, 59.9895812]}, "properties": {"osm_id": "node/536733164", "bench": "yes", "bin": "yes", "bus": "yes", "highway": "bus_stop", "lit": "yes", "name": "станция метро «Старая Деревня»", "public_transport": "platform", "shelter": "yes", "tactile_paving": "no"}}, {"type": "Feature", "geometry": {"type": "Point", "coordinates": [30.2537112, 59.9950188]}, "properties": {"osm_id": "node/536740906", "name": "улица Оптиков", "public_transport": "stop_position", "railway": "tram_stop", "tram": "yes"}}, {"type": "Feature", "geometry": {"type": "Point", "coordinates": [30.2536612, 59.9945378]}, "properties": {"osm_id": "node/536741106", "name": "Гаккелевская улица", "public_transport": "stop_position", "railway": "tram_stop", "tram": "yes"}}, {"type": "Feature", "geometry": {"type": "Point", "coordinates": [30.2276358, 60.0084776]}, "properties": {"osm_id": "node/538424472", "bench": "yes", "bin": "yes", "bus": "yes", "highway": "bus_stop", "lit": "yes", "name": "Яхтенная улица", "public_transport": "platform", "shelter": "yes", "tactile_paving": "no"}}, {"type": "Feature", "geometry": {"type": "Point", "coordinates": [30.2463866, 60.0062472]}, "properties": {"osm_id": "node/538424526", "bench": "yes", "bin": "yes", "bus": "yes", "highway": "bus_stop", "lit": "yes", "name": "Камышовая улица, угол Стародеревенской улицы", "public_transport": "platform", "shelter": "yes", "tactile_paving": "no"}}, {"type": "Feature", "geometry": {"type": "Point", "coordinates": [30.3071581, 60.0017888]}, "properties": {"osm_id": "node/538958424", "name": "Удельный парк", "public_transport": "stop_position", "railway": "tram_stop", "tram": "yes"}}, {"type": "Feature", "geometry": {"type": "Point", "coordinates": [30.3281643, 59.9816012]}, "properties": {"osm_id": "node/560039289", "bench": "yes", "bin": "yes", "bus": "yes", "highway": "bus_stop", "lit": "yes", "name": "Выборгская набережная", "public_transport": "platform", "shelter": "yes", "tactile_paving": "no", "trolleybus": "yes"}}, {"type": "Feature", "geometry": {"type": "Point", "coordinates": [30.3071853, 60.0019789]}, "properties": {"osm_id": "node/566914795", "bench": "yes", "bin": "yes", "bus": "yes", "highway": "bus_stop", "lit": "yes", "name": "Удельный парк", "public_transport": "platform", "shelter": "yes", "tactile_paving": "no", "trolleybus": "yes"}}, {"type": "Feature", "geometry": {"type": "Point", "coordinates": [30.3039763, 60.0154199]}, "properties": {"osm_id": "node/678413082", "bench": "yes", "bin": "yes", "bus": "yes", "highway": "bus_stop", "lit": "yes", "name": "Центр имени Алмазова", "old_name": "Кардиологический центр", "public_transport": "platform", "shelter": "yes", "tactile_paving": "no"}}, {"type": "Feature", "geometry": {"type": "Point", "coordinates": [30.2397166, 60.0253752]}, "properties": {"osm_id": "node/679758295", "bench": "yes", "bin": "yes", "bus": "yes", "highway": "bus_stop", "lit": "yes", "name": "улица Шаврова, угол Комендантского проспекта", "public_transport": "platform", "shelter": "yes", "tactile_paving": "no"}}, {"type": "Feature", "geometry": {"type": "Point", "coordinates": [30.245517, 60.0262138]}, "properties": {"osm_id": "node/679758554", "bench": "yes", "bin": "yes", "bus": "yes", "highway": "bus_stop", "lit": "yes", "name": "улица Шаврова, Поликлиника", "public_transport": "platform", "shelter": "yes", "tactile_paving": "no"}}, {"type": "Feature", "geometry": {"type": "Point", "coordinates": [30.2498079, 60.0245259]}, "properties": {"osm_id": "node/679758793", "bench": "yes", "bin": "yes", "bus": "yes", "highway": "bus_stop", "lit": "yes", "name": "проспект Королёва, 48", "public_transport": "platform", "shelter": "yes", "tactile_paving": "no", "trolleybus": "yes"}}, {"type": "Feature", "geometry": {"type": "Point", "coordinates": [30.2389262, 60.0255455]}, "properties": {"osm_id": "node/679759032", "bench": "yes", "bin": "yes", "bus": "yes", "highway": "bus_stop", "lit": "yes", "name": "Комендантский проспект, угол улицы Шаврова", "public_transport": "platform", "shelter": "yes", "tactile_paving": "no", "trolleybus": "yes"}}, {"type": "Feature", "geometry": {"type": "Point", "coordinates": [30.2449719, 60.0263835]}, "properties": {"osm_id": "node/679759055", "bench": "yes", "bin": "yes", "bus": "yes", "highway": "bus_stop", "lit": "yes", "name": "улица Шаврова, Поликлиника", "public_transport": "platform", "shelter": "yes", "tactile_paving": "no"}}, {"type": "Feature", "geometry": {"type": "Point", "coordinates": [30.2499429, 60.02503]}, "properties": {"osm_id": "node/679759086", "bench": "no", "bin": "yes", "bus": "yes", "highway": "bus_stop", "lit": "yes", "name": "проспект Королёва, 48", "public_transport": "platform", "shelter": "no", "tactile_paving": "no", "trolleybus": "yes"}}, {"type": "Feature", "geometry": {"type": "Point", "coordinates": [30.2525016, 60.0222583]}, "properties": {"osm_id": "node/679759445", "bench": "yes", "bin": "yes", "bus": "yes", "highway": "bus_stop", "lit": "yes", "name": "проспект Королёва, 44", "public_transport": "platform", "shelter": "yes", "tactile_paving": "no", "trolleybus": "yes"}}, {"type": "Feature", "geometry": {"type": "Point", "coordinates": [30.252774, 60.022621]}, "properties": {"osm_id": "node/679759784", "bench": "yes", "bin": "yes", "bus": "yes", "highway": "bus_stop", "lit": "yes", "name": "проспект Королёва, 44", "public_transport": "platform", "shelter": "yes", "tactile_paving": "no", "trolleybus": "yes"}}, {"type": "Feature", "geometry": {"type": "Point", "coordinates": [30.2569326, 60.0183405]}, "properties": {"osm_id": "node/679760021", "bench": "yes", "bin": "yes", "bus": "yes", "highway": "bus_stop", "lit": "yes", "name": "проспект Королёва, угол Долгоозёрной улицы", "public_transport": "platform", "shelter": "no", "tactile_paving": "no", "trolleybus": "yes"}}, {"type": "Feature", "geometry": {"type": "Point", "coordinates": [30.255799, 60.0200652]}, "properties": {"osm_id": "node/679760028", "bench": "no", "bin": "yes", "bus": "yes", "highway": "bus_stop", "lit": "yes", "name": "проспект Королёва, угол Долгоозёрной улицы", "public_transport": "platform", "shelter": "no", "tactile_paving": "no", "trolleybus": "yes"}}, {"type": "Feature", "geometry": {"type": "Point", "coordinates": [30.2612139, 60.0155273]}, "properties": {"osm_id": "node/679760059", "bench": "yes", "bin": "yes", "bus": "yes", "highway": "bus_stop", "lit": "yes", "name": "Ольховая улица, по проспекту Королёва", "public_transport": "platform", "shelter": "yes", "tactile_paving": "no", "trolleybus": "yes"}}, {"type": "Feature", "geometry": {"type": "Point", "coordinates": [30.2677252, 60.0131811]}, "properties": {"osm_id": "node/679761142", "bench": "yes", "bin": "yes", "bus": "yes", "highway": "bus_stop", "lit": "yes", "name": "улица Маршала Новикова", "public_transport": "platform", "shelter": "yes", "tactile_paving": "no", "trolleybus": "yes"}}, {"type": "Feature", "geometry": {"type": "Point", "coordinates": [30.2700909, 60.0125162]}, "properties": {"osm_id": "node/679761216", "bench": "yes", "bin": "yes", "bus": "yes", "highway": "bus_stop", "lit": "yes", "name": "улица Маршала Новикова", "public_transport": "platform", "shelter": "yes", "tactile_paving": "no", "trolleybus": "yes"}}, {"type": "Feature", "geometry": {"type": "Point", "coordinates": [30.2747209, 60.0122627]}, "properties": {"osm_id": "node/679761301", "bench": "yes", "bin": "yes", "bus": "yes", "highway": "bus_stop", "lit": "yes", "name": "проспект Сизова", "public_transport": "platform", "shelter": "yes", "tactile_paving": "no", "trolleybus": "yes"}}, {"type": "Feature", "geometry": {"type": "Point", "coordinates": [30.2789255, 60.011457]}, "properties": {"osm_id": "node/679761954", "bench": "yes", "bin": "yes", "bus": "yes", "highway": "bus_stop", "lit": "yes", "name": "Байконурская улица", "public_transport": "platform", "shelter": "yes", "tactile_paving": "no", "trolleybus": "yes"}}, {"type": "Feature", "geometry": {"type": "Point", "coordinates": [30.2838008, 60.0110006]}, "properties": {"osm_id": "node/679762655", "bench": "yes", "bin": "yes", "bus": "yes", "highway": "bus_stop", "lit": "yes", "name": "Серебристый бульвар (проспект Королёва)", "public_transport": "platform", "shelter": "yes", "tactile_paving": "no", "trolleybus": "yes"}}, {"type": "Feature", "geometry": {"type": "Point", "coordinates": [30.285076, 60.0106573]}, "properties": {"osm_id": "node/679763289", "bench": "yes", "bin": "yes", "bus": "yes", "highway": "bus_stop", "lit": "yes", "name": "Серебристый бульвар (проспект Королёва)", "public_transport": "platform", "shelter": "yes", "tactile_paving": "no", "trolleybus": "yes"}}, {"type": "Feature", "geometry": {"type": "Point", "coordinates": [30.2906435, 60.0099377]}, "properties": {"osm_id": "node/679764489", "bench": "yes", "bin": "yes", "bus": "yes", "highway": "bus_stop", "lit": "yes", "name": "Поликлиника № 102", "public_transport": "platform", "shelter": "yes", "tactile_paving": "no", "trolleybus": "yes"}}, {"type": "Feature", "geometry": {"type": "Point", "coordinates": [30.2902072, 60.0101527]}, "properties": {"osm_id": "node/679765224", "bench": "yes", "bin": "yes", "bus": "yes", "highway": "bus_stop", "lit": "yes", "name": "Поликлиника № 102", "public_transport": "platform", "shelter": "yes", "tactile_paving": "no", "trolleybus": "yes"}}, {"type": "Feature", "geometry": {"type": "Point", "coordinates": [30.2944426, 60.0096003]}, "properties": {"osm_id": "node/679765832", "bench": "yes", "bin": "yes", "bus": "yes", "highway": "bus_stop", "lit": "yes", "name": "проспект Королёва, угол Коломяжского проспекта", "public_transport": "platform", "shelter": "yes", "tactile_paving": "no", "trolleybus": "yes"}}, {"type": "Feature", "geometry": {"type": "Point", "coordinates": [30.2955826, 60.0088876]}, "properties": {"osm_id": "node/679766434", "bench": "yes", "bin": "yes", "bus": "yes", "highway": "bus_stop", "lit": "yes", "name": "проспект Королёва (Коломяжский проспект)", "public_transport": "platform", "shelter": "yes", "tactile_paving": "no", "trolleybus": "yes"}}, {"type": "Feature", "geometry": {"type": "Point", "coordinates": [30.2557831, 60.0189175]}, "properties": {"osm_id": "node/679955877", "bench": "yes", "bin": "yes", "bus": "yes", "highway": "bus_stop", "lit": "yes", "name": "Долгоозёрная улица, угол проспекта Королёва", "public_transport": "platform", "shelter": "yes", "tactile_paving": "no"}}, {"type": "Feature", "geometry": {"type": "Point", "coordinates": [30.2390341, 60.0250013]}, "properties": {"osm_id": "node/679957846", "bench": "yes", "bin": "yes", "bus": "yes", "highway": "bus_stop", "lit": "yes", "name": "Комендантский проспект, угол улицы Шаврова", "public_transport": "platform", "shelter": "yes", "tactile_paving": "no", "trolleybus": "yes"}}, {"type": "Feature", "geometry": {"type": "Point", "coordinates": [30.232936, 60.0271116]}, "properties": {"osm_id": "node/679958214", "bench": "yes", "bin": "yes", "bus": "yes", "highway": "bus_stop", "lit": "yes", "name": "Шуваловский проспект, угол Комендантского проспекта", "public_transport": "platform", "shelter": "yes", "tactile_paving": "no", "trolleybus": "yes"}}, {"type": "Feature", "geometry": {"type": "Point", "coordinates": [30.2363226, 60.0271449]}, "properties": {"osm_id": "node/679958526", "bench": "yes", "bin": "yes", "bus": "yes", "highway": "bus_stop", "lit": "yes", "name": "Комендантский проспект, угол Шуваловского проспекта", "public_transport": "platform", "shelter": "yes", "tactile_paving": "no", "trolleybus": "yes"}}, {"type": "Feature", "geometry": {"type": "Point", "coordinates": [30.2280819, 60.0256394]}, "properties": {"osm_id": "node/679959288", "bench": "yes", "bin": "yes", "bus": "yes", "highway": "bus_stop", "lit": "yes", "name": "проспект Авиаконструкторов, Политехнический колледж", "public_transport": "platform", "shelter": "yes", "tactile_paving": "no", "trolleybus": "yes"}}, {"type": "Feature", "geometry": {"type": "Point", "coordinates": [30.2298246, 60.0253915]}, "properties": {"osm_id": "node/679959904", "bench": "yes", "bin": "yes", "bus": "yes", "highway": "bus_stop", "name": "Шуваловский проспект, Политехнический колледж", "public_transport": "platform", "shelter": "yes", "tactile_paving": "no", "trolleybus": "yes"}}, {"type": "Feature", "geometry": {"type": "Point", "coordinates": [30.243382, 60.0217457]}, "properties": {"osm_id": "node/681253695", "bench": "no", "bin": "yes", "bus": "yes", "highway": "bus_stop", "lit": "yes", "name": "Комендантский проспект, 34", "public_transport": "platform", "shelter": "no", "tactile_paving": "no", "trolleybus": "yes"}}, {"type": "Feature", "geometry": {"type": "Point", "coordinates": [30.2433977, 60.0212693]}, "properties": {"osm_id": "node/681253930", "bench": "yes", "bus": "yes", "highway": "bus_stop", "lit": "yes", "name": "Комендантский проспект, 34", "public_transport": "platform", "shelter": "yes", "trolleybus": "yes"}}, {"type": "Feature", "geometry": {"type": "Point", "coordinates": [30.2487763, 60.0172476]}, "properties": {"osm_id": "node/681254214", "bench": "yes", "bin": "yes", "bus": "yes", "highway": "bus_stop", "lit": "yes", "name": "Долгоозёрная улица", "public_transport": "platform", "shelter": "yes", "tactile_paving": "no", "trolleybus": "yes"}}, {"type": "Feature", "geometry": {"type": "Point", "coordinates": [30.2482649, 60.0170864]}, "properties": {"osm_id": "node/681254309", "bench": "yes", "bin": "yes", "bus": "yes", "highway": "bus_stop", "lit": "yes", "name": "Долгоозёрная улица", "public_transport": "platform", "shelter": "yes", "tactile_paving": "no", "trolleybus": "yes"}}, {"type": "Feature", "geometry": {"type": "Point", "coordinates": [30.2526768, 60.0133579]}, "properties": {"osm_id": "node/681254403", "bench": "yes", "bin": "yes", "bus": "yes", "highway": "bus_stop", "lit": "yes", "name": "Комендантский проспект, 22", "public_transport": "platform", "shelter": "yes", "tactile_paving": "no", "trolleybus": "yes"}}, {"type": "Feature", "geometry": {"type": "Point", "coordinates": [30.252623, 60.0138853]}, "properties": {"osm_id": "node/681255304", "bench": "yes", "bin": "yes", "bus": "yes", "highway": "bus_stop", "lit": "yes", "name": "Комендантский проспект, 22", "public_transport": "platform", "shelter": "yes", "tactile_paving": "no", "trolleybus": "yes"}}, {"type": "Feature", "geometry": {"type": "Point", "coordinates": [30.2578931, 60.0088209]}, "properties": {"osm_id": "node/681258322", "bench": "yes", "bin": "yes", "bus": "yes", "highway": "bus_stop", "lit": "yes", "name": "станция метро «Комендантский проспект»", "public_transport": "platform", "shelter": "yes", "tactile_paving": "no"}}, {"type": "Feature", "geometry": {"type": "Point", "coordinates": [30.261455, 60.0091795]}, "properties": {"osm_id": "node/681260034", "bench": "yes", "bin": "yes", "bus": "yes", "highway": "bus_stop", "lit": "yes", "name": "улица Уточкина, станция метро «Комендантский проспект»", "public_transport": "platform", "shelter": "yes", "tactile_paving": "no", "trolleybus": "yes"}}, {"type": "Feature", "geometry": {"type": "Point", "coordinates": [30.2621256, 60.0088812]}, "properties": {"osm_id": "node/681260337", "bench": "yes", "bin": "yes", "bus": "yes", "highway": "bus_stop", "lit": "yes", "name": "улица Уточкина, станция метро «Комендантский проспект»", "public_transport": "platform", "shelter": "yes", "tactile_paving": "no", "trolleybus": "yes"}}, {"type": "Feature", "geometry": {"type": "Point", "coordinates": [30.2621632, 60.0105463]}, "properties": {"osm_id": "node/681260384", "bench": "yes", "bin": "yes", "bus": "yes", "highway": "bus_stop", "lit": "yes", "name": "улица Уточкина, 5", "public_transport": "platform", "shelter": "yes", "tactile_paving": "no", "trolleybus": "yes"}}, {"type": "Feature", "geometry": {"type": "Point", "coordinates": [30.2631046, 60.0107783]}, "properties": {"osm_id": "node/681260687", "bench": "yes", "bin": "yes", "bus": "yes", "highway": "bus_stop", "lit": "yes", "name": "улица Уточкина, 5", "public_transport": "platform", "shelter": "yes", "tactile_paving": "no", "trolleybus": "yes"}}, {"type": "Feature", "geometry": {"type": "Point", "coordinates": [30.2218821, 60.0090466]}, "properties": {"osm_id": "node/738008955", "bench": "yes", "bin": "yes", "bus": "yes", "highway": "bus_stop", "lit": "yes", "name": "Камышовая улица, 38", "public_transport": "platform", "shelter": "yes", "tactile_paving": "no"}}, {"type": "Feature", "geometry": {"type": "Point", "coordinates": [30.225277, 60.0088466]}, "properties": {"osm_id": "node/738032037", "bench": "yes", "bin": "yes", "bus": "yes", "highway": "bus_stop", "lit": "yes", "name": "Яхтенная улица", "name:ru": "Яхтенная улица", "public_transport": "platform", "shelter": "yes", "tactile_paving": "no"}}, {"type": "Feature", "geometry": {"type": "Point", "coordinates": [30.2149764, 60.0099252]}, "properties": {"osm_id": "node/741430720", "bench": "yes", "bin": "yes", "bus": "yes", "highway": "bus_stop", "lit": "yes", "name": "Туристская улица", "public_transport": "platform", "shelter": "yes", "tactile_paving": "no"}}, {"type": "Feature", "geometry": {"type": "Point", "coordinates": [30.3079219, 59.9916188]}, "properties": {"osm_id": "node/778175779", "bench": "yes", "bin": "yes", "bus": "yes", "highway": "bus_stop", "lit": "yes", "name": "Новосибирская улица (Ланское шоссе)", "public_transport": "platform", "shelter": "yes", "tactile_paving": "no", "trolleybus": "yes"}}, {"type": "Feature", "geometry": {"type": "Point", "coordinates": [30.3065412, 59.9907477]}, "properties": {"osm_id": "node/778175970", "bench": "yes", "bin": "yes", "bus": "yes", "highway": "bus_stop", "lit": "yes", "name": "Новосибирская улица", "public_transport": "platform", "shelter": "yes", "tactile_paving": "no", "trolleybus": "yes"}}, {"type": "Feature", "geometry": {"type": "Point", "coordinates": [30.3181731, 59.994936]}, "properties": {"osm_id": "node/778218900", "bench": "yes", "bin": "yes", "bus": "yes", "highway": "bus_stop", "lit": "no", "name": "Омская улица", "public_transport": "platform", "shelter": "yes", "tactile_paving": "no", "trolleybus": "yes"}}, {"type": "Feature", "geometry": {"type": "Point", "coordinates": [30.3163674, 59.9945768]}, "properties": {"osm_id": "node/778218902", "bench": "yes", "bin": "yes", "bus": "yes", "highway": "bus_stop", "lit": "yes", "name": "Омская улица", "public_transport": "platform", "shelter": "yes", "tactile_paving": "no", "trolleybus": "yes"}}, {"type": "Feature", "geometry": {"type": "Point", "coordinates": [30.3235785, 59.99666]}, "properties": {"osm_id": "node/778218904", "bench": "yes", "bin": "yes", "bus": "yes", "highway": "bus_stop", "lit": "yes", "name": "Студенческая улица", "public_transport": "platform", "shelter": "yes", "tactile_paving": "no", "trolleybus": "yes"}}, {"type": "Feature", "geometry": {"type": "Point", "coordinates": [30.2926413, 60.0156343]}, "properties": {"osm_id": "node/880689104", "bench": "yes", "bin": "yes", "bus": "yes", "highway": "bus_stop", "lit": "yes", "name": "Коломяжский проспект, угол Парашютной улицы", "public_transport": "platform", "shelter": "yes", "tactile_paving": "no"}}, {"type": "Feature", "geometry": {"type": "Point", "coordinates": [30.2544376, 60.0457338]}, "properties": {"osm_id": "node/892887422", "bench": "yes", "bus": "yes", "highway": "bus_stop", "name": "ФТИ имени А.Ф. Иоффе", "public_transport": "platform", "shelter": "yes"}}, {"type": "Feature", "geometry": {"type": "Point", "coordinates": [30.2090012, 60.0107201]}, "properties": {"osm_id": "node/902956511", "bench": "yes", "bin": "yes", "bus": "yes", "highway": "bus_stop", "name": "Поликлиника", "public_transport": "platform", "shelter": "yes", "tactile_paving": "no"}}, {"type": "Feature", "geometry": {"type": "Point", "coordinates": [30.2083294, 60.0109661]}, "properties": {"osm_id": "node/903716634", "bench": "yes", "bin": "yes", "bus": "yes", "highway": "bus_stop", "name": "Поликлиника", "name:ru": "Поликлиника", "public_transport": "platform", "shelter": "yes", "tactile_paving": "no"}}, {"type": "Feature", "geometry": {"type": "Point", "coordinates": [30.1989774, 60.007781]}, "properties": {"osm_id": "node/903725800", "bench": "yes", "bin": "yes", "bus": "yes", "highway": "bus_stop", "lit": "yes", "name": "Богатырский проспект (Шуваловский проспект)", "public_transport": "platform", "shelter": "yes", "tactile_paving": "no", "trolleybus": "yes"}}, {"type": "Feature", "geometry": {"type": "Point", "coordinates": [30.2019397, 59.9891119]}, "properties": {"osm_id": "node/989214078", "bench": "yes", "bin": "yes", "bus": "yes", "highway": "bus_stop", "lit": "yes", "name": "станция метро «Беговая»", "public_transport": "platform", "shelter": "yes", "tactile_paving": "no"}}, {"type": "Feature", "geometry": {"type": "Point", "coordinates": [30.2020736, 59.9921843]}, "properties": {"osm_id": "node/989216439", "bench": "no", "bus": "yes", "highway": "bus_stop", "name": "Школьная улица, 124", "public_transport": "platform", "shelter": "no", "tactile_paving": "no"}}, {"type": "Feature", "geometry": {"type": "Point", "coordinates": [30.2147439, 59.9874435]}, "properties": {"osm_id": "node/989222053", "bench": "yes", "bin": "yes", "bus": "yes", "highway": "bus_stop", "lit": "yes", "name": "Яхтенная улица", "public_transport": "platform", "shelter": "yes", "tactile_paving": "no"}}, {"type": "Feature", "geometry": {"type": "Point", "coordinates": [30.2212821, 60.009284]}, "properties": {"osm_id": "node/990337847", "bench": "yes", "bin": "yes", "bus": "yes", "highway": "bus_stop", "lit": "yes", "name": "Камышовая улица, 38", "public_transport": "platform", "shelter": "yes", "tactile_paving": "no"}}, {"type": "Feature", "geometry": {"type": "Point", "coordinates": [30.2563044, 60.0075887]}, "properties": {"osm_id": "node/990354298", "bench": "yes", "bin": "yes", "bus": "yes", "departures_board": "timetable", "highway": "bus_stop", "lit": "yes", "name": "Комендантский проспект", "public_transport": "platform", "shelter": "yes", "tactile_paving": "no"}}, {"type": "Feature", "geometry": {"type": "Point", "coordinates": [30.299887, 59.9983817]}, "properties": {"osm_id": "node/996834651", "bench": "yes", "bin": "yes", "bus": "yes", "highway": "bus_stop", "lit": "yes", "name": "Аэродромная улица", "public_transport": "platform", "shelter": "yes", "tactile_paving": "no"}}, {"type": "Feature", "geometry": {"type": "Point", "coordinates": [30.2833022, 59.9989774]}, "properties": {"osm_id": "node/1001129518", "bench": "yes", "bin": "yes", "bus": "yes", "highway": "bus_stop", "lit": "yes", "name": "Богатырский проспект, угол Серебристого бульвара", "public_transport": "platform", "shelter": "yes", "tactile_paving": "no", "trolleybus": "yes"}}, {"type": "Feature", "geometry": {"type": "Point", "coordinates": [30.2820147, 59.9992349]}, "properties": {"osm_id": "node/1001129519", "bench": "yes", "bin": "yes", "bus": "yes", "highway": "bus_stop", "lit": "yes", "name": "Богатырский проспект, угол Серебристого бульвара", "public_transport": "platform", "shelter": "yes", "tactile_paving": "no", "trolleybus": "yes"}}, {"type": "Feature", "geometry": {"type": "Point", "coordinates": [30.2776295, 59.9984574]}, "properties": {"osm_id": "node/1001129520", "bench": "yes", "bin": "yes", "bus": "yes", "highway": "bus_stop", "lit": "yes", "name": "Байконурская улица", "public_transport": "platform", "shelter": "yes", "tactile_paving": "no", "trolleybus": "yes"}}, {"type": "Feature", "geometry": {"type": "Point", "coordinates": [30.2708495, 59.9989898]}, "properties": {"osm_id": "node/1001129521", "bench": "yes", "bin": "yes", "bus": "yes", "highway": "bus_stop", "lit": "yes", "name": "Полевая Сабировская улица", "public_transport": "platform", "shelter": "yes", "tactile_paving": "no", "trolleybus": "yes"}}, {"type": "Feature", "geometry": {"type": "Point", "coordinates": [30.2961736, 60.0002633]}, "properties": {"osm_id": "node/1001129526", "bench": "yes", "bin": "yes", "bus": "yes", "highway": "bus_stop", "lit": "yes", "name": "Богатырский проспект, станция метро «Пионерская»", "public_transport": "platform", "shelter": "yes", "tactile_paving": "no", "trolleybus": "yes", "wheelchair": "yes"}}, {"type": "Feature", "geometry": {"type": "Point", "coordinates": [30.2967, 60.0006535]}, "properties": {"osm_id": "node/1001129527", "bench": "yes", "bin": "yes", "bus": "yes", "highway": "bus_stop", "lit": "yes", "name": "Богатырский проспект, станция метро «Пионерская»", "public_transport": "platform", "shelter": "yes", "tactile_paving": "no", "trolleybus": "yes", "wheelchair": "yes"}}, {"type": "Feature", "geometry": {"type": "Point", "coordinates": [30.2907265, 59.9996855]}, "properties": {"osm_id": "node/1001129528", "bench": "yes", "bin": "yes", "bus": "yes", "highway": "bus_stop", "lit": "yes", "name": "театр «За Чёрной речкой»", "public_transport": "platform", "shelter": "yes", "tactile_paving": "no", "trolleybus": "yes"}}, {"type": "Feature", "geometry": {"type": "Point", "coordinates": [30.2898718, 60.000007]}, "properties": {"osm_id": "node/1001129530", "bench": "yes", "bin": "yes", "bus": "yes", "highway": "bus_stop", "name": "театр «За Чёрной речкой»", "public_transport": "platform", "shelter": "yes", "tactile_paving": "no", "trolleybus": "yes"}}, {"type": "Feature", "geometry": {"type": "Point", "coordinates": [30.3100711, 60.00157]}, "properties": {"osm_id": "node/1004004904", "bench": "yes", "bin": "yes", "bus": "yes", "highway": "bus_stop", "lit": "yes", "name": "Удельный парк", "public_transport": "platform", "shelter": "yes", "tactile_paving": "no", "trolleybus": "yes"}}, {"type": "Feature", "geometry": {"type": "Point", "coordinates": [30.2867141, 60.0163455]}, "properties": {"osm_id": "node/1066277470", "bench": "yes", "bin": "yes", "bus": "yes", "highway": "bus_stop", "lit": "yes", "name": "Серебристый бульвар", "public_transport": "platform", "shelter": "yes", "tactile_paving": "no"}}, {"type": "Feature", "geometry": {"type": "Point", "coordinates": [30.2872608, 60.0159961]}, "properties": {"osm_id": "node/1066277559", "bench": "yes", "bin": "yes", "bus": "yes", "highway": "bus_stop", "lit": "yes", "name": "Серебристый бульвар", "public_transport": "platform", "shelter": "yes", "tactile_paving": "no"}}, {"type": "Feature", "geometry": {"type": "Point", "coordinates": [30.2782751, 59.998868]}, "properties": {"osm_id": "node/1105335966", "bench": "yes", "bin": "yes", "bus": "yes", "highway": "bus_stop", "lit": "yes", "name": "Богатырский проспект, 11", "public_transport": "platform", "shelter": "yes", "tactile_paving": "no", "trolleybus": "yes"}}, {"type": "Feature", "geometry": {"type": "Point", "coordinates": [30.2264919, 59.9854864]}, "properties": {"osm_id": "node/1126168166", "bench": "yes", "bin": "yes", "bus": "yes", "highway": "bus_stop", "lit": "yes", "name": "торговый комплекс «Лента»", "public_transport": "platform", "shelter": "yes", "tactile_paving": "no"}}, {"type": "Feature", "geometry": {"type": "Point", "coordinates": [30.216573, 59.9914959]}, "properties": {"osm_id": "node/1155675986", "bench": "yes", "bin": "yes", "bus": "yes", "highway": "bus_stop", "lit": "yes", "name": "железнодорожная платформа «Яхтенная»", "public_transport": "platform", "share_taxi": "yes", "shelter": "yes", "tactile_paving": "no"}}, {"type": "Feature", "geometry": {"type": "Point", "coordinates": [30.2969306, 60.0033567]}, "properties": {"osm_id": "node/1159012755", "bench": "yes", "bin": "yes", "bus": "yes", "highway": "bus_stop", "lit": "yes", "name": "станция метро «Пионерская»", "public_transport": "platform", "shelter": "yes", "tactile_paving": "no"}}, {"type": "Feature", "geometry": {"type": "Point", "coordinates": [30.2805627, 60.0054525]}, "properties": {"osm_id": "node/1159012756", "bench": "yes", "bin": "yes", "bus": "yes", "highway": "bus_stop", "lit": "yes", "name": "Серебристый бульвар", "public_transport": "platform", "shelter": "yes", "tactile_paving": "no"}}, {"type": "Feature", "geometry": {"type": "Point", "coordinates": [30.2977194, 60.0023583]}, "properties": {"osm_id": "node/1159012757", "bench": "yes", "bin": "yes", "bus": "yes", "highway": "bus_stop", "lit": "yes", "name": "станция метро «Пионерская»", "name:ru": "станция метро «Пионерская»", "public_transport": "platform", "shelter": "yes", "tactile_paving": "no", "wheelchair": "yes"}}, {"type": "Feature", "geometry": {"type": "Point", "coordinates": [30.2981015, 60.0036758]}, "properties": {"osm_id": "node/1159012761", "bench": "yes", "bin": "yes", "bus": "yes", "highway": "bus_stop", "lit": "yes", "name": "станция метро «Пионерская»", "public_transport": "platform", "shelter": "yes", "tactile_paving": "no"}}, {"type": "Feature", "geometry": {"type": "Point", "coordinates": [30.2827181, 59.9994882]}, "properties": {"osm_id": "node/1159012762", "bench": "yes", "bin": "yes", "bus": "yes", "highway": "bus_stop", "lit": "yes", "name": "Серебристый бульвар", "public_transport": "platform", "shelter": "yes", "tactile_paving": "no"}}, {"type": "Feature", "geometry": {"type": "Point", "coordinates": [30.281558, 60.0022478]}, "properties": {"osm_id": "node/1159012764", "bench": "yes", "bin": "yes", "bus": "yes", "highway": "bus_stop", "lit": "no", "name": "Серебристый бульвар, 13", "public_transport": "platform", "shelter": "yes", "tactile_paving": "no"}}, {"type": "Feature", "geometry": {"type": "Point", "coordinates": [30.2994016, 60.0026141]}, "properties": {"osm_id": "node/1159012766", "bench": "yes", "bin": "yes", "bus": "yes", "highway": "bus_stop", "lit": "yes", "name": "станция метро «Пионерская»", "public_transport": "platform", "shelter": "yes", "tactile_paving": "no", "trolleybus": "yes"}}, {"type": "Feature", "geometry": {"type": "Point", "coordinates": [30.2809542, 60.004595]}, "properties": {"osm_id": "node/1159012767", "bench": "yes", "bin": "yes", "bus": "yes", "highway": "bus_stop", "lit": "no", "name": "Серебристый бульвар", "public_transport": "platform", "shelter": "yes", "tactile_paving": "no"}}, {"type": "Feature", "geometry": {"type": "Point", "coordinates": [30.2897283, 60.0038836]}, "properties": {"osm_id": "node/1159012785", "bench": "yes", "bin": "yes", "bus": "yes", "highway": "bus_stop", "lit": "yes", "name": "проспект Испытателей, Универсам", "public_transport": "platform", "shelter": "yes", "tactile_paving": "no"}}, {"type": "Feature", "geometry": {"type": "Point", "coordinates": [30.2897515, 60.0042267]}, "properties": {"osm_id": "node/1159012786", "bench": "yes", "bin": "yes", "bus": "yes", "highway": "bus_stop", "lit": "yes", "name": "проспект Испытателей, Универсам", "public_transport": "platform", "shelter": "yes", "tactile_paving": "no"}}, {"type": "Feature", "geometry": {"type": "Point", "coordinates": [30.2985172, 60.0001315]}, "properties": {"osm_id": "node/1159012790", "bench": "yes", "bin": "yes", "bus": "yes", "highway": "bus_stop", "lit": "yes", "name": "Богатырский проспект", "public_transport": "platform", "shelter": "yes", "tactile_paving": "no", "trolleybus": "yes"}}, {"type": "Feature", "geometry": {"type": "Point", "coordinates": [30.2741428, 60.0059121]}, "properties": {"osm_id": "node/1159012793", "bench": "yes", "bin": "yes", "bus": "yes", "highway": "bus_stop", "lit": "yes", "name": "проспект Сизова", "public_transport": "platform", "shelter": "yes", "tactile_paving": "no"}}, {"type": "Feature", "geometry": {"type": "Point", "coordinates": [30.3013568, 59.9853345]}, "properties": {"osm_id": "node/1173055658", "bench": "yes", "bin": "yes", "bus": "yes", "highway": "bus_stop", "lit": "yes", "name": "станция метро «Чёрная речка»", "public_transport": "platform", "shelter": "yes", "tactile_paving": "no", "trolleybus": "yes"}}, {"type": "Feature", "geometry": {"type": "Point", "coordinates": [30.2562878, 60.0008806]}, "properties": {"osm_id": "node/1183671743", "bench": "yes", "bin": "yes", "bus": "yes", "highway": "bus_stop", "lit": "yes", "name": "Богатырский проспект, угол Гаккелевской улицы", "public_transport": "platform", "shelter": "yes", "tactile_paving": "no", "trolleybus": "yes", "wheelchair": "yes"}}, {"type": "Feature", "geometry": {"type": "Point", "coordinates": [30.2562042, 60.0016655]}, "properties": {"osm_id": "node/1183671754", "bench": "yes", "bin": "yes", "bus": "yes", "highway": "bus_stop", "lit": "yes", "name": "Гаккелевская улица, угол Богатырского проспекта", "name:ru": "Гаккелевская улица, угол Богатырского проспекта", "public_transport": "platform", "shelter": "yes", "tactile_paving": "no", "trolleybus": "yes", "wheelchair": "yes"}}, {"type": "Feature", "geometry": {"type": "Point", "coordinates": [30.2551779, 60.0007579]}, "properties": {"osm_id": "node/1183671766", "bench": "yes", "bin": "yes", "bus": "yes", "highway": "bus_stop", "lit": "yes", "name": "Торфяная улица, угол Богатырского проспекта", "public_transport": "platform", "shelter": "yes", "tactile_paving": "no", "trolleybus": "yes", "wheelchair": "yes"}}, {"type": "Feature", "geometry": {"type": "Point", "coordinates": [30.1443306, 59.9954299]}, "properties": {"osm_id": "node/1185601527", "bench": "yes", "bin": "yes", "bus": "yes", "highway": "bus_stop", "name": "Ключевой проспект", "public_transport": "platform", "shelter": "yes", "tactile_paving": "no"}}, {"type": "Feature", "geometry": {"type": "Point", "coordinates": [30.2923591, 60.0234087]}, "properties": {"osm_id": "node/1190348887", "bench": "yes", "bin": "yes", "bus": "yes", "highway": "bus_stop", "lit": "yes", "name": "Земский переулок", "public_transport": "platform", "shelter": "yes", "tactile_paving": "no"}}, {"type": "Feature", "geometry": {"type": "Point", "coordinates": [30.2906227, 60.0234698]}, "properties": {"osm_id": "node/1190348892", "bench": "yes", "bin": "yes", "bus": "yes", "highway": "bus_stop", "lit": "no", "name": "Земский переулок", "public_transport": "platform", "shelter": "yes", "tactile_paving": "no"}}, {"type": "Feature", "geometry": {"type": "Point", "coordinates": [30.1333563, 59.9956002]}, "properties": {"osm_id": "node/1197352811", "bench": "yes", "bin": "yes", "bus": "yes", "highway": "bus_stop", "name": "железнодорожная платформа «Ольгино»", "public_transport": "platform", "shelter": "yes", "tactile_paving": "no"}}, {"type": "Feature", "geometry": {"type": "Point", "coordinates": [30.1537495, 59.9938551]}, "properties": {"osm_id": "node/1197352813", "bench": "yes", "bin": "yes", "bus": "yes", "highway": "bus_stop", "name": "железнодорожная станция «Лахта»", "name:ru": "Железнодорожная станция «Лахта»", "public_transport": "platform", "shelter": "yes", "tactile_paving": "no"}}, {"type": "Feature", "geometry": {"type": "Point", "coordinates": [30.1319414, 59.9967521]}, "properties": {"osm_id": "node/1197352821", "bench": "yes", "bin": "yes", "bus": "yes", "highway": "bus_stop", "name": "Вокзальная улица", "public_transport": "platform", "shelter": "yes", "tactile_paving": "no"}}, {"type": "Feature", "geometry": {"type": "Point", "coordinates": [30.154123, 59.9916242]}, "properties": {"osm_id": "node/1197352822", "bench": "no", "bin": "yes", "bus": "yes", "highway": "bus_stop", "lit": "no", "name": "железнодорожная станция «Лахта»", "public_transport": "platform", "shelter": "no", "tactile_paving": "no"}}, {"type": "Feature", "geometry": {"type": "Point", "coordinates": [30.169589, 59.989743]}, "properties": {"osm_id": "node/1197352825", "bench": "yes", "bin": "yes", "bus": "yes", "highway": "bus_stop", "lit": "yes", "name": "Лахта Центр", "public_transport": "platform", "shelter": "yes", "tactile_paving": "no"}}, {"type": "Feature", "geometry": {"type": "Point", "coordinates": [30.293561, 60.0146804]}, "properties": {"osm_id": "node/1201318637", "bench": "yes", "bin": "yes", "bus": "yes", "highway": "bus_stop", "lit": "yes", "name": "Коломяжский проспект, угол Парашютной улицы", "public_transport": "platform", "shelter": "yes", "tactile_paving": "no"}}, {"type": "Feature", "geometry": {"type": "Point", "coordinates": [30.2436637, 59.984334]}, "properties": {"osm_id": "node/1202093821", "bench": "yes", "bin": "yes", "bus": "yes", "highway": "bus_stop", "lit": "no", "name": "Стародеревенская улица", "public_transport": "platform", "shelter": "yes", "tactile_paving": "no"}}, {"type": "Feature", "geometry": {"type": "Point", "coordinates": [30.2036492, 60.0111465]}, "properties": {"osm_id": "node/1226830840", "bench": "yes", "bin": "no", "bus": "yes", "highway": "bus_stop", "name": "Камышовая улица, 56", "public_transport": "platform", "shelter": "yes", "tactile_paving": "no"}}, {"type": "Feature", "geometry": {"type": "Point", "coordinates": [30.2639699, 59.9838275]}, "properties": {"osm_id": "node/1231359918", "bench": "yes", "bin": "yes", "lit": "no", "name": "улица Покрышева", "public_transport": "platform", "shelter": "yes", "tactile_paving": "no", "tram": "yes"}}, {"type": "Feature", "geometry": {"type": "Point", "coordinates": [30.2815152, 60.0167353]}, "properties": {"osm_id": "node/1244192509", "bench": "yes", "bin": "yes", "bus": "yes", "highway": "bus_stop", "lit": "yes", "name": "Байконурская улица", "public_transport": "platform", "shelter": "yes", "tactile_paving": "no"}}, {"type": "Feature", "geometry": {"type": "Point", "coordinates": [30.2532693, 59.9878339]}, "properties": {"osm_id": "node/1255252364", "bench": "yes", "bin": "yes", "name": "железнодорожная платформа «Старая Деревня»", "public_transport": "stop_position", "railway": "tram_stop", "shelter": "yes", "tactile_paving": "no", "tram": "yes"}}, {"type": "Feature", "geometry": {"type": "Point", "coordinates": [30.2148072, 59.987224]}, "properties": {"osm_id": "node/1257078826", "name": "Яхтенная улица", "public_transport": "stop_position", "railway": "tram_stop", "tram": "yes", "wikidata": "Q136549894"}}, {"type": "Feature", "geometry": {"type": "Point", "coordinates": [30.285243, 60.0307853]}, "properties": {"osm_id": "node/1260727487", "bench": "yes", "bin": "yes", "bus": "yes", "highway": "bus_stop", "name": "Репищева улица", "public_transport": "platform", "shelter": "yes", "tactile_paving": "no"}}, {"type": "Feature", "geometry": {"type": "Point", "coordinates": [30.2824764, 60.023664]}, "properties": {"osm_id": "node/1260765436", "bench": "yes", "bin": "yes", "bus": "yes", "highway": "bus_stop", "lit": "yes", "name": "Вербная улица", "public_transport": "platform", "shelter": "yes", "tactile_paving": "no"}}, {"type": "Feature", "geometry": {"type": "Point", "coordinates": [30.1274714, 60.0044834]}, "properties": {"osm_id": "node/1313239323", "bench": "yes", "bin": "yes", "bus": "yes", "highway": "bus_stop", "name": "Тупиковая улица", "public_transport": "platform", "shelter": "yes", "tactile_paving": "no"}}, {"type": "Feature", "geometry": {"type": "Point", "coordinates": [30.1211113, 60.0079844]}, "properties": {"osm_id": "node/1313239326", "bench": "no", "bin": "yes", "bus": "yes", "highway": "bus_stop", "name": "1-я Конная Лахта", "public_transport": "platform", "shelter": "no"}}, {"type": "Feature", "geometry": {"type": "Point", "coordinates": [30.1086933, 60.0201153]}, "properties": {"osm_id": "node/1313239327", "bus": "yes", "highway": "bus_stop", "name": "3-я Конная Лахта, 40", "public_transport": "platform"}}, {"type": "Feature", "geometry": {"type": "Point", "coordinates": [30.1115793, 60.0151967]}, "properties": {"osm_id": "node/1313239329", "bench": "yes", "bin": "yes", "bus": "yes", "highway": "bus_stop", "lit": "no", "name": "Коллективный сад имени Климова", "public_transport": "platform", "shelter": "yes", "tactile_paving": "no"}}, {"type": "Feature", "geometry": {"type": "Point", "coordinates": [30.1164373, 60.0097285]}, "properties": {"osm_id": "node/1313239331", "bench": "yes", "bin": "yes", "bus": "yes", "highway": "bus_stop", "name": "2-я Конная Лахта", "public_transport": "platform", "shelter": "yes"}}, {"type": "Feature", "geometry": {"type": "Point", "coordinates": [30.122983, 60.0071716]}, "properties": {"osm_id": "node/1313239332", "bench": "yes", "bin": "yes", "bus": "yes", "highway": "bus_stop", "name": "1-я Конная Лахта", "public_transport": "platform", "shelter": "yes", "tactile_paving": "no"}}, {"type": "Feature", "geometry": {"type": "Point", "coordinates": [30.1287014, 60.0027066]}, "properties": {"osm_id": "node/1313239333", "bench": "yes", "bin": "yes", "bus": "yes", "highway": "bus_stop", "name": "улица Коммунаров", "public_transport": "platform", "shelter": "no", "tactile_paving": "no"}}, {"type": "Feature", "geometry": {"type": "Point", "coordinates": [30.1276147, 60.0045806]}, "properties": {"osm_id": "node/1313239335", "bench": "no", "bin": "yes", "bus": "yes", "highway": "bus_stop", "name": "Тупиковая улица", "public_transport": "platform", "shelter": "no", "tactile_paving": "no"}}, {"type": "Feature", "geometry": {"type": "Point", "coordinates": [30.1285737, 60.0025004]}, "properties": {"osm_id": "node/1313239337", "bench": "yes", "bin": "yes", "bus": "yes", "highway": "bus_stop", "name": "улица Коммунаров", "public_transport": "platform", "shelter": "no", "tactile_paving": "no"}}, {"type": "Feature", "geometry": {"type": "Point", "coordinates": [30.2013629, 60.0089503]}, "properties": {"osm_id": "node/1382264731", "bench": "yes", "bin": "yes", "bus": "yes", "highway": "bus_stop", "lit": "yes", "name": "Шуваловский проспект, угол Богатырского проспекта", "public_transport": "platform", "shelter": "yes", "tactile_paving": "no"}}, {"type": "Feature", "geometry": {"type": "Point", "coordinates": [30.2491648, 59.9844476]}, "properties": {"osm_id": "node/1393977235", "bench": "yes", "bin": "yes", "bus": "yes", "highway": "bus_stop", "lit": "yes", "name": "Горохов переулок", "public_transport": "platform", "shelter": "yes", "tactile_paving": "no", "tram": "yes"}}, {"type": "Feature", "geometry": {"type": "Point", "coordinates": [30.2483959, 59.9842781]}, "properties": {"osm_id": "node/1393984303", "bench": "yes", "bin": "yes", "bus": "yes", "highway": "bus_stop", "lit": "no", "name": "Горохов переулок", "public_transport": "platform", "shelter": "yes", "tactile_paving": "no"}}, {"type": "Feature", "geometry": {"type": "Point", "coordinates": [30.1451806, 59.9926413]}, "properties": {"osm_id": "node/1461800512", "bench": "yes", "bin": "yes", "bus": "yes", "highway": "bus_stop", "lit": "yes", "name": "Больница", "public_transport": "platform", "shelter": "yes", "tactile_paving": "no"}}, {"type": "Feature", "geometry": {"type": "Point", "coordinates": [29.9753494, 60.037467]}, "properties": {"osm_id": "node/1461800541", "bench": "no", "bin": "yes", "bus": "yes", "highway": "bus_stop", "lit": "yes", "name": "Горская", "note": "возможны другие маршруты в дополнение к 101", "public_transport": "platform", "shelter": "no", "tactile_paving": "no"}}, {"type": "Feature", "geometry": {"type": "Point", "coordinates": [30.203785, 59.9884603]}, "properties": {"osm_id": "node/1461800563", "bench": "yes", "bin": "yes", "bus": "yes", "highway": "bus_stop", "lit": "yes", "name": "станция метро «Беговая»", "public_transport": "platform", "shelter": "yes", "tactile_paving": "no"}}, {"type": "Feature", "geometry": {"type": "Point", "coordinates": [30.1940327, 59.989721]}, "properties": {"osm_id": "node/1461800581", "bench": "yes", "bin": "yes", "bus": "yes", "highway": "bus_stop", "lit": "yes", "name": "Школьная улица (улица Савушкина)", "public_transport": "platform", "shelter": "yes", "tactile_paving": "no"}}, {"type": "Feature", "geometry": {"type": "Point", "coordinates": [30.1340407, 59.9943203]}, "properties": {"osm_id": "node/1461800603", "bench": "yes", "bin": "yes", "bus": "yes", "highway": "bus_stop", "lit": "no", "name": "железнодорожная платформа «Ольгино»", "public_transport": "platform", "shelter": "yes", "tactile_paving": "no"}}, {"type": "Feature", "geometry": {"type": "Point", "coordinates": [30.0105494, 60.0169816]}, "properties": {"osm_id": "node/1461800622", "bench": "yes", "bin": "yes", "bus": "yes", "highway": "bus_stop", "lit": "no", "name": "железнодорожная станция «Лисий Нос»", "public_transport": "platform", "shelter": "yes", "tactile_paving": "no"}}, {"type": "Feature", "geometry": {"type": "Point", "coordinates": [29.9977558, 60.0281607]}, "properties": {"osm_id": "node/1461800640", "bench": "yes", "bin": "yes", "bus": "yes", "highway": "bus_stop", "lit": "yes", "name": "Лисий Нос, Военная улица", "public_transport": "platform", "shelter": "yes", "tactile_paving": "no"}}, {"type": "Feature", "geometry": {"type": "Point", "coordinates": [30.2158184, 59.9868803]}, "properties": {"osm_id": "node/1461953473", "bench": "yes", "bin": "yes", "bus": "yes", "highway": "bus_stop", "lit": "yes", "name": "Яхтенная улица", "public_transport": "platform", "shelter": "yes", "tactile_paving": "no"}}, {"type": "Feature", "geometry": {"type": "Point", "coordinates": [30.2545106, 59.9907885]}, "properties": {"osm_id": "node/1461953475", "bench": "yes", "bin": "yes", "bus": "yes", "highway": "bus_stop", "lit": "no", "name": "станция метро «Старая Деревня»", "public_transport": "platform", "shelter": "yes", "tactile_paving": "no"}}, {"type": "Feature", "geometry": {"type": "Point", "coordinates": [30.1319644, 59.9963931]}, "properties": {"osm_id": "node/1483464723", "bench": "yes", "bin": "yes", "bus": "yes", "highway": "bus_stop", "lit": "yes", "name": "Вокзальная улица", "public_transport": "platform", "shelter": "yes", "tactile_paving": "no"}}, {"type": "Feature", "geometry": {"type": "Point", "coordinates": [30.2210808, 59.9999082]}, "properties": {"osm_id": "node/1504566168", "bench": "yes", "bin": "yes", "bus": "yes", "highway": "bus_stop", "lit": "no", "name": "улица Оптиков, угол Яхтенной улицы", "public_transport": "platform", "shelter": "yes", "tactile_paving": "no", "trolleybus": "yes"}}, {"type": "Feature", "geometry": {"type": "Point", "coordinates": [30.208365, 60.0016023]}, "properties": {"osm_id": "node/1504566169", "bench": "yes", "bin": "yes", "bus": "yes", "highway": "bus_stop", "lit": "yes", "name": "улица Оптиков, угол Туристской улицы", "public_transport": "platform", "shelter": "yes", "tactile_paving": "no", "trolleybus": "yes"}}, {"type": "Feature", "geometry": {"type": "Point", "coordinates": [30.2007463, 60.0025908]}, "properties": {"osm_id": "node/1504566170", "bench": "yes", "bin": "yes", "bus": "yes", "highway": "bus_stop", "lit": "yes", "name": "улица Оптиков, 52", "public_transport": "platform", "shelter": "yes", "tactile_paving": "no", "trolleybus": "yes"}}, {"type": "Feature", "geometry": {"type": "Point", "coordinates": [30.2134042, 60.006451]}, "properties": {"osm_id": "node/1504566173", "bench": "yes", "bin": "yes", "bus": "yes", "highway": "bus_stop", "lit": "yes", "name": "Богатырский проспект, угол Туристской улицы", "public_transport": "platform", "shelter": "yes", "tactile_paving": "no", "trolleybus": "yes"}}, {"type": "Feature", "geometry": {"type": "Point", "coordinates": [30.2370438, 60.0072371]}, "properties": {"osm_id": "node/1504566175", "bench": "yes", "bin": "yes", "bus": "yes", "highway": "bus_stop", "lit": "yes", "name": "Планерная улица", "public_transport": "platform", "shelter": "yes", "tactile_paving": "no"}}, {"type": "Feature", "geometry": {"type": "Point", "coordinates": [30.2477904, 60.0063377]}, "properties": {"osm_id": "node/1504566176", "bench": "yes", "bin": "yes", "bus": "yes", "highway": "bus_stop", "lit": "yes", "name": "Камышовая улица", "public_transport": "platform", "shelter": "yes", "tactile_paving": "no"}}, {"type": "Feature", "geometry": {"type": "Point", "coordinates": [30.2494885, 60.0080248]}, "properties": {"osm_id": "node/1504566177", "bench": "yes", "bin": "yes", "bus": "yes", "highway": "bus_stop", "lit": "yes", "name": "Стародеревенская улица", "public_transport": "platform", "shelter": "yes", "tactile_paving": "no"}}, {"type": "Feature", "geometry": {"type": "Point", "coordinates": [30.2581499, 60.0066253]}, "properties": {"osm_id": "node/1504566178", "bench": "yes", "bin": "yes", "bus": "yes", "highway": "bus_stop", "lit": "yes", "name": "Гаккелевская улица, станция метро «Комендантский проспект»", "public_transport": "platform", "shelter": "yes", "tactile_paving": "no", "trolleybus": "yes"}}, {"type": "Feature", "geometry": {"type": "Point", "coordinates": [30.2569987, 60.0044476]}, "properties": {"osm_id": "node/1504566179", "bench": "yes", "bin": "yes", "bus": "yes", "highway": "bus_stop", "lit": "yes", "name": "Камышовая улица", "public_transport": "platform", "shelter": "yes", "tactile_paving": "no", "trolleybus": "yes"}}, {"type": "Feature", "geometry": {"type": "Point", "coordinates": [30.2133332, 60.028391]}, "properties": {"osm_id": "node/1505387261", "bench": "yes", "bin": "yes", "bus": "yes", "highway": "bus_stop", "name": "Глухарская улица, 5", "public_transport": "platform", "shelter": "yes", "tactile_paving": "no"}}, {"type": "Feature", "geometry": {"type": "Point", "coordinates": [30.298542, 60.0155958]}, "properties": {"osm_id": "node/1515967915", "bench": "yes", "bin": "yes", "bus": "yes", "highway": "bus_stop", "lit": "yes", "name": "Солунская улица", "public_transport": "platform", "shelter": "yes", "tactile_paving": "no"}}, {"type": "Feature", "geometry": {"type": "Point", "coordinates": [30.3105837, 59.9881802]}, "properties": {"osm_id": "node/1518665655", "bench": "yes", "bin": "yes", "bus": "yes", "highway": "bus_stop", "lit": "yes", "name": "Белоостровская улица", "public_transport": "platform", "shelter": "yes", "tactile_paving": "no"}}, {"type": "Feature", "geometry": {"type": "Point", "coordinates": [30.2482501, 60.005814]}, "properties": {"osm_id": "node/1530004884", "bench": "yes", "bin": "yes", "bus": "yes", "highway": "bus_stop", "lit": "yes", "name": "Стародеревенская улица", "shelter": "yes", "tactile_paving": "no"}}, {"type": "Feature", "geometry": {"type": "Point", "coordinates": [30.3052056, 59.9871511]}, "properties": {"osm_id": "node/1566701606", "bench": "yes", "bin": "yes", "bus": "no", "lit": "yes", "name": "набережная Чёрной речки", "public_transport": "platform", "shelter": "yes", "surface": "asphalt", "tactile_paving": "no", "tram": "yes", "trolleybus": "no"}}, {"type": "Feature", "geometry": {"type": "Point", "coordinates": [30.3051007, 59.9872387]}, "properties": {"osm_id": "node/1566701607", "name": "набережная Чёрной речки", "public_transport": "stop_position", "railway": "tram_stop", "tram": "yes"}}, {"type": "Feature", "geometry": {"type": "Point", "coordinates": [30.3016197, 59.9846593]}, "properties": {"osm_id": "node/1566701608", "bench": "no", "bin": "no", "bus": "yes", "highway": "bus_stop", "lit": "no", "name": "станция метро «Чёрная речка»", "public_transport": "platform", "shelter": "no", "tactile_paving": "no", "trolleybus": "yes"}}, {"type": "Feature", "geometry": {"type": "Point", "coordinates": [30.3045845, 59.9869489]}, "properties": {"osm_id": "node/1566701610", "bench": "yes", "bin": "yes", "bus": "yes", "highway": "bus_stop", "lit": "yes", "name": "станция метро «Чёрная речка» (набережная Чёрной речки)", "public_transport": "platform", "shelter": "yes", "surface": "asphalt", "tactile_paving": "no", "trolleybus": "yes"}}, {"type": "Feature", "geometry": {"type": "Point", "coordinates": [30.3157089, 59.9904086]}, "properties": {"osm_id": "node/1566791621", "bench": "yes", "bin": "yes", "lit": "yes", "name": "Торжковский рынок", "public_transport": "platform", "shelter": "yes", "tactile_paving": "no", "tram": "yes"}}, {"type": "Feature", "geometry": {"type": "Point", "coordinates": [30.3155737, 59.9905215]}, "properties": {"osm_id": "node/1566791627", "name": "Торжковский рынок", "public_transport": "stop_position", "railway": "tram_stop", "tram": "yes"}}, {"type": "Feature", "geometry": {"type": "Point", "coordinates": [30.3255189, 59.9933514]}, "properties": {"osm_id": "node/1566791643", "bench": "yes", "bin": "yes", "lit": "yes", "name": "железнодорожная станция «Ланская»", "public_transport": "platform", "shelter": "yes", "tactile_paving": "no", "tram": "yes"}}, {"type": "Feature", "geometry": {"type": "Point", "coordinates": [30.325417, 59.9934335]}, "properties": {"osm_id": "node/1566791650", "name": "железнодорожная станция «Ланская»", "public_transport": "stop_position", "railway": "tram_stop", "tram": "yes"}}, {"type": "Feature", "geometry": {"type": "Point", "coordinates": [30.3046711, 59.9871439]}, "properties": {"osm_id": "node/1568937307", "name": "набережная Чёрной речки", "public_transport": "stop_position", "railway": "tram_stop", "tram": "yes"}}, {"type": "Feature", "geometry": {"type": "Point", "coordinates": [30.3045694, 59.9872332]}, "properties": {"osm_id": "node/1568937308", "bench": "no", "bin": "no", "lit": "yes", "name": "набережная Чёрной речки", "public_transport": "platform", "shelter": "yes", "tactile_paving": "no", "tram": "yes"}}, {"type": "Feature", "geometry": {"type": "Point", "coordinates": [30.3103636, 59.9889331]}, "properties": {"osm_id": "node/1568937309", "name": "Новосибирская улица", "public_transport": "stop_position", "railway": "tram_stop", "tram": "yes", "wikidata": "Q136550004"}}, {"type": "Feature", "geometry": {"type": "Point", "coordinates": [30.3102688, 59.9890118]}, "properties": {"osm_id": "node/1568937310", "bench": "yes", "bin": "yes", "bus": "yes", "highway": "bus_stop", "lit": "yes", "name": "Новосибирская улица", "public_transport": "platform", "shelter": "no", "tactile_paving": "no", "tram": "yes"}}, {"type": "Feature", "geometry": {"type": "Point", "coordinates": [30.3167349, 59.9909232]}, "properties": {"osm_id": "node/1568937311", "bus": "yes", "name": "Торжковский рынок", "public_transport": "stop_position", "railway": "tram_stop", "tram": "yes"}}, {"type": "Feature", "geometry": {"type": "Point", "coordinates": [30.3165636, 59.9910397]}, "properties": {"osm_id": "node/1568937312", "bench": "yes", "bin": "yes", "bus": "yes", "highway": "bus_stop", "lit": "yes", "name": "Торжковский рынок", "public_transport": "platform", "shelter": "yes", "tactile_paving": "no", "tram": "yes"}}, {"type": "Feature", "geometry": {"type": "Point", "coordinates": [30.295892, 60.0099322]}, "properties": {"osm_id": "node/1576156270", "bench": "yes", "bin": "yes", "bus": "yes", "highway": "bus_stop", "lit": "yes", "name": "проспект Королёва", "public_transport": "platform", "shelter": "yes", "tactile_paving": "no"}}, {"type": "Feature", "geometry": {"type": "Point", "coordinates": [30.2650381, 59.983797]}, "properties": {"osm_id": "node/1650343861", "bench": "yes", "bin": "yes", "bus": "yes", "highway": "bus_stop", "lit": "no", "name": "улица Покрышева", "public_transport": "platform", "shelter": "yes", "tactile_paving": "no"}}, {"type": "Feature", "geometry": {"type": "Point", "coordinates": [30.2638491, 59.9840451]}, "properties": {"osm_id": "node/1650343870", "bench": "yes", "bin": "yes", "bus": "yes", "highway": "bus_stop", "lit": "no", "name": "улица Покрышева", "public_transport": "platform", "shelter": "yes", "tactile_paving": "no"}}, {"type": "Feature", "geometry": {"type": "Point", "coordinates": [30.2777675, 60.0175699]}, "properties": {"osm_id": "node/1667299181", "bench": "yes", "bin": "yes", "bus": "yes", "highway": "bus_stop", "lit": "yes", "name": "Парашютная улица, угол Репищевой улицы", "public_transport": "platform", "shelter": "yes", "tactile_paving": "no"}}, {"type": "Feature", "geometry": {"type": "Point", "coordinates": [30.2482762, 60.0079561]}, "properties": {"osm_id": "node/1667708496", "name": "проспект Авиаконструкторов", "public_transport": "stop_position", "railway": "tram_stop", "tram": "yes"}}, {"type": "Feature", "geometry": {"type": "Point", "coordinates": [30.2493213, 60.0082972]}, "properties": {"osm_id": "node/1667708505", "name": "проспект Авиаконструкторов", "public_transport": "stop_position", "railway": "tram_stop", "tram": "yes"}}, {"type": "Feature", "geometry": {"type": "Point", "coordinates": [30.2418667, 60.0141718]}, "properties": {"osm_id": "node/1667728651", "name": "Долгоозёрная улица", "public_transport": "stop_position", "railway": "tram_stop", "tram": "yes"}}, {"type": "Feature", "geometry": {"type": "Point", "coordinates": [30.2316998, 60.0228238]}, "properties": {"osm_id": "node/1667728746", "name": "улица Шаврова", "public_transport": "stop_position", "railway": "tram_stop", "tram": "yes"}}, {"type": "Feature", "geometry": {"type": "Point", "coordinates": [30.2758322, 60.0059011]}, "properties": {"osm_id": "node/1667735517", "name": "Байконурская улица", "public_transport": "stop_position", "railway": "tram_stop", "tram": "yes"}}, {"type": "Feature", "geometry": {"type": "Point", "coordinates": [30.2715807, 60.0064542]}, "properties": {"osm_id": "node/1667735528", "name": "проспект Сизова", "public_transport": "stop_position", "railway": "tram_stop", "tram": "yes"}}, {"type": "Feature", "geometry": {"type": "Point", "coordinates": [30.2661621, 60.0071592]}, "properties": {"osm_id": "node/1667735549", "name": "улица Маршала Новикова", "public_transport": "stop_position", "railway": "tram_stop", "tram": "yes"}}, {"type": "Feature", "geometry": {"type": "Point", "coordinates": [30.2570131, 60.0072983]}, "properties": {"osm_id": "node/1667735552", "name": "станция метро «Комендантский проспект»", "public_transport": "stop_position", "railway": "tram_stop", "tram": "yes"}}, {"type": "Feature", "geometry": {"type": "Point", "coordinates": [30.3067258, 60.0018802]}, "properties": {"osm_id": "node/1667743639", "name": "Удельный парк", "public_transport": "stop_position", "railway": "tram_stop", "tram": "yes"}}, {"type": "Feature", "geometry": {"type": "Point", "coordinates": [30.2962103, 60.0032483]}, "properties": {"osm_id": "node/1667743676", "name": "станция метро «Пионерская»", "public_transport": "stop_position", "railway": "tram_stop", "tram": "yes"}}, {"type": "Feature", "geometry": {"type": "Point", "coordinates": [30.2906204, 60.0039743]}, "properties": {"osm_id": "node/1667743684", "name": "проспект Испытателей, 11", "public_transport": "stop_position", "railway": "tram_stop", "tram": "yes"}}, {"type": "Feature", "geometry": {"type": "Point", "coordinates": [30.2686355, 59.999613]}, "properties": {"osm_id": "node/1668963156", "bench": "yes", "bin": "yes", "bus": "yes", "highway": "bus_stop", "lit": "yes", "name": "Полевая Сабировская улица", "public_transport": "platform", "shelter": "yes", "tactile_paving": "no", "trolleybus": "yes"}}, {"type": "Feature", "geometry": {"type": "Point", "coordinates": [30.254203, 59.9899905]}, "properties": {"osm_id": "node/1669404557", "name": "станция метро «Старая Деревня»", "public_transport": "stop_position", "railway": "tram_stop", "tram": "yes"}}, {"type": "Feature", "geometry": {"type": "Point", "coordinates": [30.2774015, 59.9844435]}, "properties": {"osm_id": "node/1669451617", "name": "улица Оскаленко", "public_transport": "stop_position", "railway": "tram_stop", "tram": "yes"}}, {"type": "Feature", "geometry": {"type": "Point", "coordinates": [30.2973379, 59.986144]}, "properties": {"osm_id": "node/1669454151", "name": "станция метро «Чёрная речка»", "public_transport": "stop_position", "railway": "tram_stop", "tram": "yes"}}, {"type": "Feature", "geometry": {"type": "Point", "coordinates": [30.2266313, 59.9857078]}, "properties": {"osm_id": "node/1669466215", "name": "торговый комплекс «Лента»", "public_transport": "stop_position", "railway": "tram_stop", "tram": "yes"}}, {"type": "Feature", "geometry": {"type": "Point", "coordinates": [30.2144655, 59.987293]}, "properties": {"osm_id": "node/1669467022", "name": "Яхтенная улица", "public_transport": "stop_position", "railway": "tram_stop", "tram": "yes", "wikidata": "Q136549894"}}, {"type": "Feature", "geometry": {"type": "Point", "coordinates": [30.2170673, 59.9908891]}, "properties": {"osm_id": "node/1693108399", "bench": "yes", "bin": "yes", "bus": "yes", "highway": "bus_stop", "lit": "yes", "name": "железнодорожная платформа «Яхтенная»", "public_transport": "platform", "share_taxi": "yes", "shelter": "yes", "tactile_paving": "no"}}, {"type": "Feature", "geometry": {"type": "Point", "coordinates": [30.2444003, 59.9844581]}, "properties": {"osm_id": "node/1727753141", "name": "Стародеревенская улица", "public_transport": "stop_position", "railway": "tram_stop", "tram": "yes"}}, {"type": "Feature", "geometry": {"type": "Point", "coordinates": [30.2256445, 59.9858048]}, "properties": {"osm_id": "node/1727753150", "name": "торговый комплекс «Лента»", "public_transport": "stop_position", "railway": "tram_stop", "tram": "yes"}}, {"type": "Feature", "geometry": {"type": "Point", "coordinates": [30.2437177, 59.9845061]}, "properties": {"osm_id": "node/1727753169", "name": "Стародеревенская улица", "public_transport": "stop_position", "railway": "tram_stop", "tram": "yes"}}, {"type": "Feature", "geometry": {"type": "Point", "coordinates": [30.2452365, 60.0021081]}, "properties": {"osm_id": "node/1728082194", "name": "Богатырский проспект", "public_transport": "stop_position", "railway": "tram_stop", "tram": "yes"}}, {"type": "Feature", "geometry": {"type": "Point", "coordinates": [30.2455402, 60.0027976]}, "properties": {"osm_id": "node/1728082200", "name": "Богатырский проспект", "public_transport": "stop_position", "railway": "tram_stop", "tram": "yes"}}, {"type": "Feature", "geometry": {"type": "Point", "coordinates": [30.247148, 60.0057703]}, "properties": {"osm_id": "node/1728082206", "name": "Камышовая улица", "public_transport": "stop_position", "railway": "tram_stop", "tram": "yes"}}, {"type": "Feature", "geometry": {"type": "Point", "coordinates": [30.2473438, 60.0062775]}, "properties": {"osm_id": "node/1728082216", "name": "Камышовая улица", "public_transport": "stop_position", "railway": "tram_stop", "tram": "yes"}}, {"type": "Feature", "geometry": {"type": "Point", "coordinates": [30.2442991, 59.9982125]}, "properties": {"osm_id": "node/1728082218", "amenity": "waste_basket", "name": "Ситцевая улица", "public_transport": "stop_position", "railway": "tram_stop", "tram": "yes", "wheelchair": "no"}}, {"type": "Feature", "geometry": {"type": "Point", "coordinates": [30.2442833, 59.9987122]}, "properties": {"osm_id": "node/1728082222", "name": "Ситцевая улица", "public_transport": "stop_position", "railway": "tram_stop", "tram": "yes"}}, {"type": "Feature", "geometry": {"type": "Point", "coordinates": [30.2818877, 60.0051093]}, "properties": {"osm_id": "node/1728088915", "name": "Серебристый бульвар", "public_transport": "stop_position", "railway": "tram_stop", "tram": "yes"}}, {"type": "Feature", "geometry": {"type": "Point", "coordinates": [29.9760782, 60.0389111]}, "properties": {"osm_id": "node/1736545100", "bench": "no", "bin": "no", "bus": "yes", "highway": "bus_stop", "lit": "yes", "name": "железнодорожная платформа «Горская»", "public_transport": "platform", "shelter": "no", "tactile_paving": "no"}}, {"type": "Feature", "geometry": {"type": "Point", "coordinates": [30.2792145, 60.0481703]}, "properties": {"osm_id": "node/1751462997", "bench": "no", "bin": "yes", "bus": "yes", "highway": "bus_stop", "name": "Новоорловский заказник", "public_transport": "platform", "shelter": "no", "tactile_paving": "no"}}, {"type": "Feature", "geometry": {"type": "Point", "coordinates": [30.2693416, 60.0465551]}, "properties": {"osm_id": "node/1751462999", "bench": "yes", "bin": "yes", "bus": "yes", "highway": "bus_stop", "name": "река Каменка", "public_transport": "platform", "shelter": "yes"}}, {"type": "Feature", "geometry": {"type": "Point", "coordinates": [30.2643194, 60.020615]}, "properties": {"osm_id": "node/1769533240", "bench": "no", "bin": "yes", "bus": "yes", "highway": "bus_stop", "lit": "yes", "name": "Парашютная улица, угол Долгоозёрной улицы", "public_transport": "platform", "shelter": "no", "tactile_paving": "no"}}, {"type": "Feature", "geometry": {"type": "Point", "coordinates": [30.2640655, 60.0215334]}, "properties": {"osm_id": "node/1769533252", "bench": "no", "bin": "yes", "bus": "yes", "highway": "bus_stop", "lit": "yes", "name": "Парашютная улица, угол Долгоозёрной улицы", "public_transport": "platform", "shelter": "no", "tactile_paving": "no", "trolleybus": "yes"}}, {"type": "Feature", "geometry": {"type": "Point", "coordinates": [30.2545635, 60.0290069]}, "properties": {"osm_id": "node/1769533259", "bench": "no", "bin": "yes", "bus": "yes", "highway": "bus_stop", "lit": "yes", "name": "Парашютная улица, 44", "public_transport": "platform", "shelter": "no", "tactile_paving": "no", "trolleybus": "yes"}}, {"type": "Feature", "geometry": {"type": "Point", "coordinates": [30.2544214, 60.0297731]}, "properties": {"osm_id": "node/1769533261", "bench": "no", "bin": "yes", "bus": "yes", "highway": "bus_stop", "lit": "yes", "name": "Парашютная улица, 44", "public_transport": "platform", "shelter": "no", "tactile_paving": "no", "trolleybus": "yes"}}, {"type": "Feature", "geometry": {"type": "Point", "coordinates": [30.2513098, 60.0317197]}, "properties": {"osm_id": "node/1769533262", "bench": "yes", "bin": "yes", "bus": "yes", "highway": "bus_stop", "lit": "yes", "name": "Шуваловский проспект", "public_transport": "platform", "shelter": "yes", "tactile_paving": "no", "trolleybus": "yes"}}, {"type": "Feature", "geometry": {"type": "Point", "coordinates": [30.2508493, 60.0327683]}, "properties": {"osm_id": "node/1769533281", "bench": "yes", "bin": "yes", "bus": "yes", "highway": "bus_stop", "lit": "yes", "name": "Шуваловский проспект", "public_transport": "platform", "shelter": "yes", "tactile_paving": "no", "trolleybus": "yes"}}, {"type": "Feature", "geometry": {"type": "Point", "coordinates": [30.2412225, 60.0402919]}, "properties": {"osm_id": "node/1769533287", "bench": "yes", "bin": "yes", "bus": "yes", "highway": "bus_stop", "lit": "yes", "name": "Плесецкая улица", "public_transport": "platform", "shelter": "yes", "tactile_paving": "no", "trolleybus": "yes"}}, {"type": "Feature", "geometry": {"type": "Point", "coordinates": [30.240654, 60.0414785]}, "properties": {"osm_id": "node/1769533303", "bench": "yes", "bin": "yes", "bus": "yes", "highway": "bus_stop", "lit": "yes", "name": "Плесецкая улица", "public_transport": "platform", "shelter": "yes", "tactile_paving": "no"}}, {"type": "Feature", "geometry": {"type": "Point", "coordinates": [30.2271821, 60.0524028]}, "properties": {"osm_id": "node/1769533317", "bench": "yes", "bin": "yes", "bus": "yes", "highway": "bus_stop", "lit": "no", "name": "дорога в Каменку", "public_transport": "platform", "shelter": "yes", "tactile_paving": "no"}}, {"type": "Feature", "geometry": {"type": "Point", "coordinates": [30.2278485, 59.9868625]}, "properties": {"osm_id": "node/1776350393", "bench": "yes", "bin": "yes", "bus": "yes", "highway": "bus_stop", "name": "Гипермаркет «О'Кей»", "public_transport": "platform", "shelter": "yes", "tactile_paving": "no"}}, {"type": "Feature", "geometry": {"type": "Point", "coordinates": [30.2177393, 59.9922946]}, "properties": {"osm_id": "node/1776350399", "bench": "no", "bin": "yes", "bus": "yes", "disused:public_transport": "platform", "highway": "bus_stop", "lit": "no", "name": "Яхтенная улица", "shelter": "no", "tactile_paving": "no"}}, {"type": "Feature", "geometry": {"type": "Point", "coordinates": [30.2553847, 59.9843107]}, "properties": {"osm_id": "node/1779118327", "bench": "yes", "bin": "yes", "bus": "yes", "highway": "bus_stop", "lit": "no", "name": "ЦПКиО", "public_transport": "platform", "shelter": "yes", "tactile_paving": "no"}}, {"type": "Feature", "geometry": {"type": "Point", "coordinates": [30.2554614, 59.9841071]}, "properties": {"osm_id": "node/1779118328", "bench": "yes", "bin": "yes", "bus": "yes", "highway": "bus_stop", "lit": "yes", "name": "ЦПКиО", "public_transport": "platform", "shelter": "yes", "tactile_paving": "no"}}, {"type": "Feature", "geometry": {"type": "Point", "coordinates": [30.2561043, 59.9902006]}, "properties": {"osm_id": "node/1780633732", "bench": "yes", "bin": "yes", "bus": "yes", "highway": "bus_stop", "lit": "yes", "name": "Торфяная дорога, станция метро «Старая Деревня»", "public_transport": "platform", "shelter": "yes", "tactile_paving": "no", "trolleybus": "yes"}}, {"type": "Feature", "geometry": {"type": "Point", "coordinates": [30.2553449, 59.9948723]}, "properties": {"osm_id": "node/1780633735", "bench": "yes", "bin": "yes", "bus": "yes", "highway": "bus_stop", "lit": "no", "name": "Торфяная улица, угол улицы Оптиков", "public_transport": "platform", "shelter": "yes", "tactile_paving": "no", "trolleybus": "yes"}}, {"type": "Feature", "geometry": {"type": "Point", "coordinates": [30.1065791, 59.9973534]}, "properties": {"osm_id": "node/1782433981", "bench": "yes", "bin": "yes", "bus": "yes", "highway": "bus_stop", "lit": "no", "name": "отель «Ольгино», центральный въезд, по требованию", "public_transport": "platform", "request_stop": "yes", "shelter": "yes", "tactile_paving": "no"}}, {"type": "Feature", "geometry": {"type": "Point", "coordinates": [30.2868361, 59.9851357]}, "properties": {"osm_id": "node/1782568949", "bench": "yes", "bin": "yes", "check_date:shelter": "2025-05-17", "lit": "no", "name": "улица Академика Шиманского", "public_transport": "platform", "shelter": "yes", "tactile_paving": "no", "tram": "yes"}}, {"type": "Feature", "geometry": {"type": "Point", "coordinates": [30.2709951, 59.9838069]}, "properties": {"osm_id": "node/1782568972", "bench": "yes", "bin": "yes", "bus": "yes", "highway": "bus_stop", "lit": "no", "name": "Серебряков переулок", "public_transport": "platform", "shelter": "yes", "tactile_paving": "no"}}, {"type": "Feature", "geometry": {"type": "Point", "coordinates": [30.2709882, 59.9840065]}, "properties": {"osm_id": "node/1782568978", "bench": "yes", "bin": "yes", "bus": "yes", "highway": "bus_stop", "lit": "yes", "name": "Серебряков переулок", "public_transport": "platform", "shelter": "yes", "tactile_paving": "no"}}, {"type": "Feature", "geometry": {"type": "Point", "coordinates": [30.2940963, 59.9856515]}, "properties": {"osm_id": "node/1782568981", "bench": "yes", "bin": "yes", "bus": "yes", "highway": "bus_stop", "name": "Карельский переулок", "public_transport": "platform", "shelter": "yes", "tactile_paving": "no"}}, {"type": "Feature", "geometry": {"type": "Point", "coordinates": [30.2978576, 59.9861538]}, "properties": {"osm_id": "node/1782568991", "bench": "yes", "bin": "yes", "bus": "yes", "highway": "bus_stop", "name": "станция метро «Чёрная речка»", "public_transport": "platform", "shelter": "yes", "tactile_paving": "no"}}, {"type": "Feature", "geometry": {"type": "Point", "coordinates": [30.2978053, 59.9863895]}, "properties": {"osm_id": "node/1782568993", "bench": "yes", "bin": "yes", "bus": "yes", "highway": "bus_stop", "lit": "yes", "name": "станция метро «Чёрная речка»", "public_transport": "platform", "shelter": "yes", "tactile_paving": "no"}}, {"type": "Feature", "geometry": {"type": "Point", "coordinates": [30.278597, 59.9844527]}, "properties": {"osm_id": "node/1782568994", "bench": "yes", "bin": "yes", "bus": "yes", "highway": "bus_stop", "lit": "yes", "name": "улица Оскаленко", "public_transport": "platform", "shelter": "yes", "tactile_paving": "no"}}, {"type": "Feature", "geometry": {"type": "Point", "coordinates": [30.2788376, 59.9846973]}, "properties": {"osm_id": "node/1782568997", "bench": "yes", "bin": "no", "bus": "yes", "highway": "bus_stop", "lit": "yes", "name": "улица Оскаленко", "public_transport": "platform", "shelter": "yes", "tactile_paving": "no"}}, {"type": "Feature", "geometry": {"type": "Point", "coordinates": [30.0112322, 60.0170522]}, "properties": {"osm_id": "node/1794712535", "bench": "yes", "bin": "yes", "bus": "yes", "highway": "bus_stop", "name": "железнодорожная станция «Лисий Нос»", "public_transport": "platform", "shelter": "yes", "tactile_paving": "no"}}, {"type": "Feature", "geometry": {"type": "Point", "coordinates": [30.2022559, 60.0019237]}, "properties": {"osm_id": "node/1800683666", "bench": "yes", "bin": "yes", "bus": "yes", "highway": "bus_stop", "lit": "yes", "name": "улица Оптиков, 52", "public_transport": "platform", "shelter": "yes", "tactile_paving": "no", "trolleybus": "yes"}}, {"type": "Feature", "geometry": {"type": "Point", "coordinates": [30.1959769, 60.0027334]}, "properties": {"osm_id": "node/1800683670", "bench": "yes", "bin": "yes", "bus": "yes", "highway": "bus_stop", "lit": "yes", "name": "улица Оптиков", "public_transport": "platform", "shelter": "yes", "tactile_paving": "no", "trolleybus": "yes"}}, {"type": "Feature", "geometry": {"type": "Point", "coordinates": [30.2255831, 59.9860479]}, "properties": {"osm_id": "node/1801877377", "bench": "yes", "bin": "yes", "bus": "yes", "highway": "bus_stop", "name": "торговый комплекс «Лента»", "public_transport": "platform", "shelter": "yes", "tactile_paving": "no"}}, {"type": "Feature", "geometry": {"type": "Point", "coordinates": [30.2588105, 60.0086942]}, "properties": {"osm_id": "node/1808639120", "bench": "yes", "bin": "yes", "bus": "yes", "highway": "bus_stop", "lit": "yes", "name": "станция метро «Комендантский проспект»", "public_transport": "platform", "shelter": "yes", "tactile_paving": "no", "trolleybus": "yes"}}, {"type": "Feature", "geometry": {"type": "Point", "coordinates": [30.2557659, 60.0106861]}, "properties": {"osm_id": "node/1808639124", "bench": "no", "bin": "yes", "bus": "yes", "highway": "bus_stop", "lit": "yes", "name": "Комендантский проспект, 16", "public_transport": "platform", "shelter": "no", "tactile_paving": "no", "trolleybus": "yes"}}, {"type": "Feature", "geometry": {"type": "Point", "coordinates": [30.2558519, 60.0112382]}, "properties": {"osm_id": "node/1808639166", "bench": "yes", "bin": "yes", "bus": "yes", "highway": "bus_stop", "lit": "yes", "name": "Комендантский проспект, 16", "public_transport": "platform", "shelter": "yes", "tactile_paving": "no", "trolleybus": "yes"}}, {"type": "Feature", "geometry": {"type": "Point", "coordinates": [30.300809, 59.9902274]}, "properties": {"osm_id": "node/1872576493", "bench": "yes", "bin": "yes", "bus": "yes", "highway": "bus_stop", "lit": "yes", "name": "Ланское шоссе", "public_transport": "platform", "shelter": "yes", "tactile_paving": "no"}}, {"type": "Feature", "geometry": {"type": "Point", "coordinates": [30.3040241, 59.9870617]}, "properties": {"osm_id": "node/1894650995", "bench": "yes", "bin": "yes", "bus": "yes", "highway": "bus_stop", "lit": "yes", "name": "станция метро «Чёрная речка»", "public_transport": "platform", "shelter": "yes", "tactile_paving": "no", "trolleybus": "yes"}}, {"type": "Feature", "geometry": {"type": "Point", "coordinates": [30.2995805, 59.9970391]}, "properties": {"osm_id": "node/1917544948", "bench": "yes", "bin": "yes", "bus": "yes", "highway": "bus_stop", "lit": "yes", "name": "Аэродромная улица", "public_transport": "platform", "shelter": "yes", "tactile_paving": "no", "trolleybus": "yes"}}, {"type": "Feature", "geometry": {"type": "Point", "coordinates": [30.257962, 60.0050746]}, "properties": {"osm_id": "node/1917913428", "bench": "yes", "bin": "yes", "bus": "yes", "highway": "bus_stop", "lit": "yes", "name": "Камышовая улица", "public_transport": "platform", "shelter": "yes", "tactile_paving": "no", "trolleybus": "yes"}}, {"type": "Feature", "geometry": {"type": "Point", "coordinates": [30.2779496, 60.0167018]}, "properties": {"osm_id": "node/1917913442", "bench": "yes", "bin": "yes", "bus": "yes", "highway": "bus_stop", "lit": "yes", "name": "Парашютная улица", "public_transport": "platform", "shelter": "yes", "tactile_paving": "no"}}, {"type": "Feature", "geometry": {"type": "Point", "coordinates": [30.255102, 59.9966805]}, "properties": {"osm_id": "node/1917913456", "bench": "yes", "bin": "yes", "bus": "yes", "highway": "bus_stop", "lit": "no", "name": "Ситцевая улица", "public_transport": "platform", "shelter": "yes", "tactile_paving": "no", "trolleybus": "yes"}}, {"type": "Feature", "geometry": {"type": "Point", "coordinates": [30.2553335, 59.9974638]}, "properties": {"osm_id": "node/1917913463", "bench": "yes", "bin": "yes", "bus": "yes", "highway": "bus_stop", "lit": "yes", "name": "Ситцевая улица", "public_transport": "platform", "shelter": "yes", "tactile_paving": "no", "trolleybus": "yes"}}, {"type": "Feature", "geometry": {"type": "Point", "coordinates": [30.2766979, 60.0125552]}, "properties": {"osm_id": "node/1917913479", "bench": "yes", "bin": "yes", "bus": "yes", "highway": "bus_stop", "lit": "yes", "name": "проспект Сизова", "public_transport": "platform", "shelter": "yes", "tactile_paving": "no"}}, {"type": "Feature", "geometry": {"type": "Point", "coordinates": [30.2636053, 60.007276]}, "properties": {"osm_id": "node/1917913488", "bench": "yes", "bin": "yes", "bus": "yes", "highway": "bus_stop", "lit": "yes", "name": "улица Маршала Новикова", "public_transport": "platform", "shelter": "yes", "tactile_paving": "no"}}, {"type": "Feature", "geometry": {"type": "Point", "coordinates": [30.2555116, 59.9957655]}, "properties": {"osm_id": "node/1917913511", "bench": "yes", "bin": "yes", "bus": "yes", "highway": "bus_stop", "lit": "no", "name": "Торфяная улица, угол улицы Оптиков", "public_transport": "platform", "shelter": "yes", "tactile_paving": "no", "trolleybus": "yes"}}, {"type": "Feature", "geometry": {"type": "Point", "coordinates": [30.1169803, 59.9954653]}, "properties": {"osm_id": "node/1958138933", "bench": "yes", "bin": "yes", "bus": "yes", "highway": "bus_stop", "lit": "no", "name": "отель «Ольгино», по требованию", "public_transport": "platform", "request_stop": "yes", "shelter": "yes", "tactile_paving": "no"}}, {"type": "Feature", "geometry": {"type": "Point", "coordinates": [30.2226101, 59.9993269]}, "properties": {"osm_id": "node/1968693687", "bench": "yes", "bin": "yes", "bus": "yes", "highway": "bus_stop", "lit": "yes", "name": "Яхтенная улица", "public_transport": "platform", "shelter": "yes", "tactile_paving": "no", "trolleybus": "yes"}}, {"type": "Feature", "geometry": {"type": "Point", "coordinates": [30.2103965, 60.0008622]}, "properties": {"osm_id": "node/1968693696", "bench": "yes", "bin": "yes", "bus": "yes", "highway": "bus_stop", "lit": "yes", "name": "улица Оптиков, угол Туристской улицы", "public_transport": "platform", "shelter": "yes", "tactile_paving": "no", "trolleybus": "yes"}}, {"type": "Feature", "geometry": {"type": "Point", "coordinates": [29.9882178, 60.0317229]}, "properties": {"osm_id": "node/2007032205", "bench": "yes", "bin": "yes", "bus": "yes", "highway": "bus_stop", "lit": "no", "name": "Горское кладбище", "public_transport": "platform", "shelter": "yes", "tactile_paving": "no"}}, {"type": "Feature", "geometry": {"type": "Point", "coordinates": [30.0272273, 60.0091383]}, "properties": {"osm_id": "node/2007032208", "bench": "yes", "bin": "yes", "bus": "yes", "highway": "bus_stop", "name": "Рабочий посёлок", "public_transport": "platform", "shelter": "yes"}}, {"type": "Feature", "geometry": {"type": "Point", "coordinates": [30.0696376, 60.002686]}, "properties": {"osm_id": "node/2008194745", "bench": "yes", "bin": "yes", "bus": "yes", "highway": "bus_stop", "name": "Природный заказник", "public_transport": "platform", "shelter": "yes"}}, {"type": "Feature", "geometry": {"type": "Point", "coordinates": [30.2051526, 60.0075387]}, "properties": {"osm_id": "node/2027835676", "bench": "yes", "bin": "yes", "bus": "yes", "highway": "bus_stop", "lit": "yes", "name": "Богатырский проспект, угол Шуваловского проспекта", "public_transport": "platform", "shelter": "yes", "tactile_paving": "no", "trolleybus": "yes"}}, {"type": "Feature", "geometry": {"type": "Point", "coordinates": [30.1958771, 60.0035639]}, "properties": {"osm_id": "node/2044854148", "bench": "yes", "bin": "yes", "bus": "yes", "highway": "bus_stop", "lit": "yes", "name": "Шуваловский проспект, угол улицы Оптиков", "public_transport": "platform", "shelter": "yes", "tactile_paving": "no", "trolleybus": "yes"}}, {"type": "Feature", "geometry": {"type": "Point", "coordinates": [30.2592122, 60.0249741]}, "properties": {"osm_id": "node/2097316413", "bench": "no", "bin": "yes", "bus": "yes", "highway": "bus_stop", "lit": "yes", "name": "Мартыновский сквер", "public_transport": "platform", "shelter": "no", "tactile_paving": "no", "trolleybus": "yes"}}, {"type": "Feature", "geometry": {"type": "Point", "coordinates": [30.2338349, 59.9850015]}, "properties": {"osm_id": "node/2121503932", "bench": "yes", "bin": "yes", "bus": "yes", "highway": "bus_stop", "lit": "yes", "name": "улица Савушкина, 115", "public_transport": "platform", "shelter": "yes", "tactile_paving": "no"}}, {"type": "Feature", "geometry": {"type": "Point", "coordinates": [30.1152407, 59.9965606]}, "properties": {"osm_id": "node/2363367791", "bench": "yes", "bin": "yes", "bus": "yes", "highway": "bus_stop", "lit": "no", "name": "отель «Ольгино», по требованию", "public_transport": "platform", "request_stop": "yes", "shelter": "yes", "tactile_paving": "no"}}, {"type": "Feature", "geometry": {"type": "Point", "coordinates": [30.2946466, 60.024045]}, "properties": {"osm_id": "node/2365832771", "bench": "yes", "bin": "yes", "bus": "yes", "highway": "bus_stop", "lit": "yes", "name": "Новоколомяжский проспект", "public_transport": "platform", "shelter": "yes"}}, {"type": "Feature", "geometry": {"type": "Point", "coordinates": [30.3005711, 60.0248172]}, "properties": {"osm_id": "node/2365832780", "bench": "yes", "bin": "yes", "bus": "yes", "highway": "bus_stop", "lit": "yes", "name": "Вербная улица, угол Афонской улицы", "public_transport": "platform", "shelter": "yes", "tactile_paving": "no"}}, {"type": "Feature", "geometry": {"type": "Point", "coordinates": [30.3026003, 60.0288782]}, "properties": {"osm_id": "node/2365833038", "bench": "yes", "bin": "yes", "bus": "yes", "highway": "bus_stop", "lit": "yes", "name": "улица Щербакова", "public_transport": "platform", "shelter": "yes"}}, {"type": "Feature", "geometry": {"type": "Point", "coordinates": [30.301187, 60.0315548]}, "properties": {"osm_id": "node/2365833312", "bench": "yes", "bin": "yes", "bus": "yes", "highway": "bus_stop", "lit": "yes", "name": "Афонская улица", "name:ru": "Афонская улица", "public_transport": "platform", "shelter": "yes", "tactile_paving": "no"}}, {"type": "Feature", "geometry": {"type": "Point", "coordinates": [30.3013453, 60.031846]}, "properties": {"osm_id": "node/2365833347", "bench": "no", "bus": "yes", "highway": "bus_stop", "name": "Афонская улица", "name:ru": "Афонская улица", "public_transport": "platform", "shelter": "no"}}, {"type": "Feature", "geometry": {"type": "Point", "coordinates": [30.3029957, 60.020466]}, "properties": {"osm_id": "node/2367895572", "bench": "yes", "bin": "yes", "bus": "yes", "highway": "bus_stop", "name": "Дом ветеранов", "public_transport": "platform", "shelter": "yes"}}, {"type": "Feature", "geometry": {"type": "Point", "coordinates": [30.3030828, 60.0208293]}, "properties": {"osm_id": "node/2367895576", "bench": "yes", "bin": "yes", "bus": "yes", "highway": "bus_stop", "name": "Дом ветеранов", "public_transport": "platform", "shelter": "yes"}}, {"type": "Feature", "geometry": {"type": "Point", "coordinates": [30.3021944, 60.0258144]}, "properties": {"osm_id": "node/2367895646", "bench": "yes", "bin": "yes", "bus": "yes", "highway": "bus_stop", "lit": "yes", "name": "Вербная улица", "public_transport": "platform", "shelter": "yes"}}, {"type": "Feature", "geometry": {"type": "Point", "coordinates": [30.2423983, 59.9846919]}, "properties": {"osm_id": "node/2370590838", "bench": "yes", "bin": "yes", "bus": "yes", "highway": "bus_stop", "lit": "yes", "name": "Стародеревенская улица", "public_transport": "platform", "shelter": "yes", "tactile_paving": "no"}}, {"type": "Feature", "geometry": {"type": "Point", "coordinates": [30.2829496, 60.0228921]}, "properties": {"osm_id": "node/2371402999", "bench": "yes", "bin": "yes", "bus": "yes", "highway": "bus_stop", "lit": "yes", "name": "Вербная улица", "public_transport": "platform", "shelter": "yes", "tactile_paving": "no"}}, {"type": "Feature", "geometry": {"type": "Point", "coordinates": [30.2339763, 60.0126471]}, "properties": {"osm_id": "node/2371596989", "bench": "yes", "bin": "yes", "bus": "yes", "highway": "bus_stop", "lit": "yes", "name": "Долгоозёрная улица", "public_transport": "platform", "shelter": "yes", "tactile_paving": "no"}}, {"type": "Feature", "geometry": {"type": "Point", "coordinates": [30.3006085, 59.9927111]}, "properties": {"osm_id": "node/2379783443", "bench": "yes", "bin": "yes", "bus": "yes", "highway": "bus_stop", "name": "железнодорожная станция «Новая Деревня»", "public_transport": "platform", "shelter": "yes", "tactile_paving": "no"}}, {"type": "Feature", "geometry": {"type": "Point", "coordinates": [30.2745372, 60.0119154]}, "properties": {"osm_id": "node/2380042006", "bench": "yes", "bin": "yes", "bus": "yes", "highway": "bus_stop", "lit": "yes", "name": "проспект Сизова", "public_transport": "platform", "shelter": "yes", "tactile_paving": "no", "trolleybus": "yes"}}, {"type": "Feature", "geometry": {"type": "Point", "coordinates": [30.2695559, 60.0152213]}, "properties": {"osm_id": "node/2380042017", "bench": "yes", "bin": "yes", "bus": "yes", "highway": "bus_stop", "lit": "yes", "name": "Ольховая улица", "public_transport": "platform", "shelter": "yes", "tactile_paving": "no"}}, {"type": "Feature", "geometry": {"type": "Point", "coordinates": [30.3023677, 59.9935618]}, "properties": {"osm_id": "node/2388373494", "bench": "yes", "bin": "yes", "bus": "yes", "check_date:shelter": "2020-10-11", "highway": "bus_stop", "name": "Новосибирская улица", "public_transport": "platform", "shelter": "yes", "tactile_paving": "no"}}, {"type": "Feature", "geometry": {"type": "Point", "coordinates": [30.2806145, 60.023606]}, "properties": {"osm_id": "node/2397504854", "bench": "yes", "bin": "yes", "bus": "yes", "highway": "bus_stop", "lit": "yes", "name": "Вербная улица, угол улицы Репищева", "public_transport": "platform", "shelter": "yes", "tactile_paving": "no"}}, {"type": "Feature", "geometry": {"type": "Point", "coordinates": [30.2380324, 60.0174491]}, "properties": {"osm_id": "node/2407303258", "name": "Школа", "public_transport": "stop_position", "railway": "tram_stop", "tram": "yes"}}, {"type": "Feature", "geometry": {"type": "Point", "coordinates": [30.2334846, 60.021304]}, "properties": {"osm_id": "node/2407331723", "name": "Дом детского творчества", "public_transport": "stop_position", "railway": "tram_stop", "tram": "yes"}}, {"type": "Feature", "geometry": {"type": "Point", "coordinates": [30.2332159, 60.0214762]}, "properties": {"osm_id": "node/2407331727", "name": "Дом детского творчества", "public_transport": "stop_position", "railway": "tram_stop", "tram": "yes"}}, {"type": "Feature", "geometry": {"type": "Point", "coordinates": [30.2629968, 60.0139983]}, "properties": {"osm_id": "node/2408269792", "bench": "yes", "bin": "yes", "bus": "yes", "highway": "bus_stop", "lit": "yes", "name": "площадь Сикорского", "public_transport": "platform", "shelter": "yes", "tactile_paving": "no", "trolleybus": "yes"}}, {"type": "Feature", "geometry": {"type": "Point", "coordinates": [30.236666, 60.049447]}, "properties": {"osm_id": "node/2414013010", "bench": "yes", "bus": "yes", "highway": "bus_stop", "name": "Зоологический институт", "public_transport": "platform", "shelter": "yes", "tactile_paving": "no"}}, {"type": "Feature", "geometry": {"type": "Point", "coordinates": [30.024853, 60.0100246]}, "properties": {"osm_id": "node/2422127234", "bench": "no", "bin": "yes", "bus": "yes", "highway": "bus_stop", "name": "Рабочий посёлок", "public_transport": "platform", "shelter": "no"}}, {"type": "Feature", "geometry": {"type": "Point", "coordinates": [30.2808643, 60.0483955]}, "properties": {"osm_id": "node/2435676586", "bench": "yes", "bin": "yes", "bus": "yes", "highway": "bus_stop", "name": "Новоорловский заказник", "public_transport": "platform", "shelter": "yes", "tactile_paving": "no"}}, {"type": "Feature", "geometry": {"type": "Point", "coordinates": [30.2809367, 60.0228708]}, "properties": {"osm_id": "node/2450023951", "bench": "yes", "bin": "yes", "bus": "yes", "highway": "bus_stop", "lit": "yes", "name": "Вербная улица", "public_transport": "platform", "shelter": "yes", "tactile_paving": "no"}}, {"type": "Feature", "geometry": {"type": "Point", "coordinates": [30.2577354, 60.018977]}, "properties": {"osm_id": "node/2473161854", "bench": "no", "bin": "yes", "bus": "yes", "highway": "bus_stop", "lit": "yes", "name": "Долгоозёрная улица, угол проспекта Королёва", "public_transport": "platform", "shelter": "no", "tactile_paving": "no", "trolleybus": "yes"}}, {"type": "Feature", "geometry": {"type": "Point", "coordinates": [30.2631249, 60.0210804]}, "properties": {"osm_id": "node/2473161861", "bench": "no", "bin": "no", "bus": "yes", "highway": "bus_stop", "lit": "yes", "name": "Долгоозёрная улица, угол Парашютной улицы", "public_transport": "platform", "shelter": "no", "tactile_paving": "no", "trolleybus": "yes"}}, {"type": "Feature", "geometry": {"type": "Point", "coordinates": [30.238376, 60.0250997]}, "properties": {"osm_id": "node/2483960940", "bench": "yes", "bin": "yes", "bus": "yes", "highway": "bus_stop", "lit": "yes", "name": "улица Шаврова, угол Комендантского проспекта", "public_transport": "platform", "shelter": "yes", "tactile_paving": "no"}}, {"type": "Feature", "geometry": {"type": "Point", "coordinates": [30.2589706, 60.0259098]}, "properties": {"osm_id": "node/2496560840", "bench": "no", "bin": "yes", "bus": "yes", "highway": "bus_stop", "lit": "yes", "name": "Мартыновский сквер", "public_transport": "platform", "shelter": "no", "tactile_paving": "no", "trolleybus": "yes"}}, {"type": "Feature", "geometry": {"type": "Point", "coordinates": [30.2589401, 60.0161]}, "properties": {"osm_id": "node/2497186504", "bench": "no", "bin": "yes", "bus": "yes", "highway": "bus_stop", "lit": "yes", "name": "Ольховая улица", "public_transport": "platform", "shelter": "no", "tactile_paving": "no"}}, {"type": "Feature", "geometry": {"type": "Point", "coordinates": [30.2382351, 59.9846314]}, "properties": {"osm_id": "node/2497458571", "name": "улица Савушкина, 111", "public_transport": "stop_position", "railway": "tram_stop", "tram": "yes"}}, {"type": "Feature", "geometry": {"type": "Point", "coordinates": [30.2373543, 59.9846924]}, "properties": {"osm_id": "node/2497458585", "name": "улица Савушкина, 111", "public_transport": "stop_position", "railway": "tram_stop", "tram": "yes"}}, {"type": "Feature", "geometry": {"type": "Point", "coordinates": [30.244484, 60.0027825]}, "properties": {"osm_id": "node/2504521832", "bench": "yes", "bin": "yes", "bus": "yes", "highway": "bus_stop", "lit": "yes", "name": "Богатырский проспект, угол Стародеревенской улицы", "public_transport": "platform", "shelter": "yes", "tactile_paving": "no", "trolleybus": "yes"}}, {"type": "Feature", "geometry": {"type": "Point", "coordinates": [30.2447853, 60.0020917]}, "properties": {"osm_id": "node/2506741501", "bench": "yes", "bin": "yes", "bus": "yes", "highway": "bus_stop", "lit": "yes", "name": "Богатырский проспект", "public_transport": "platform", "shelter": "yes", "tactile_paving": "no"}}, {"type": "Feature", "geometry": {"type": "Point", "coordinates": [30.250023, 60.0167328]}, "properties": {"osm_id": "node/2513606926", "bench": "yes", "bin": "yes", "bus": "yes", "highway": "bus_stop", "lit": "yes", "name": "Долгоозёрная улица", "public_transport": "platform", "shelter": "yes", "tactile_paving": "no"}}, {"type": "Feature", "geometry": {"type": "Point", "coordinates": [30.2042052, 59.9885952]}, "properties": {"osm_id": "node/2514785609", "name": "станция метро «Беговая»", "public_transport": "stop_position", "railway": "tram_stop", "tram": "yes"}}, {"type": "Feature", "geometry": {"type": "Point", "coordinates": [30.2039834, 59.9886555]}, "properties": {"osm_id": "node/2514785610", "name": "станция метро «Беговая»", "public_transport": "stop_position", "railway": "tram_stop", "tram": "yes"}}, {"type": "Feature", "geometry": {"type": "Point", "coordinates": [30.1943389, 59.989872]}, "properties": {"osm_id": "node/2514785611", "name": "Школьная улица", "public_transport": "stop_position", "railway": "tram_stop", "tram": "yes"}}, {"type": "Feature", "geometry": {"type": "Point", "coordinates": [30.1936217, 59.9900018]}, "properties": {"osm_id": "node/2514785612", "name": "Школьная улица", "public_transport": "stop_position", "railway": "tram_stop", "tram": "yes"}}, {"type": "Feature", "geometry": {"type": "Point", "coordinates": [30.2558135, 59.9841543]}, "properties": {"osm_id": "node/2514789656", "name": "ЦПКиО", "public_transport": "stop_position", "railway": "tram_stop", "tram": "yes"}}, {"type": "Feature", "geometry": {"type": "Point", "coordinates": [30.2568398, 59.9841622]}, "properties": {"osm_id": "node/2514789657", "name": "ЦПКиО", "public_transport": "stop_position", "railway": "tram_stop", "tram": "yes"}}, {"type": "Feature", "geometry": {"type": "Point", "coordinates": [30.2306038, 60.022812]}, "properties": {"osm_id": "node/2519868653", "bench": "yes", "bin": "yes", "bus": "yes", "highway": "bus_stop", "name": "проспект Авиаконструкторов", "public_transport": "platform", "shelter": "yes", "tactile_paving": "no"}}, {"type": "Feature", "geometry": {"type": "Point", "coordinates": [30.3000918, 59.9865414]}, "properties": {"osm_id": "node/2521966457", "name": "станция метро «Чёрная речка»", "public_transport": "stop_position", "railway": "tram_stop", "tram": "yes"}}, {"type": "Feature", "geometry": {"type": "Point", "coordinates": [30.2697513, 59.9837819]}, "properties": {"osm_id": "node/2521970928", "name": "Серебряков переулок", "public_transport": "stop_position", "railway": "tram_stop", "tram": "yes"}}, {"type": "Feature", "geometry": {"type": "Point", "coordinates": [30.2708338, 59.9839031]}, "properties": {"osm_id": "node/2521970932", "name": "Серебряков переулок", "public_transport": "stop_position", "railway": "tram_stop", "tram": "yes"}}, {"type": "Feature", "geometry": {"type": "Point", "coordinates": [30.2868066, 59.985226]}, "properties": {"osm_id": "node/2521970938", "name": "улица Академика Шиманского", "public_transport": "stop_position", "railway": "tram_stop", "tram": "yes"}}, {"type": "Feature", "geometry": {"type": "Point", "coordinates": [30.2781611, 59.9845459]}, "properties": {"osm_id": "node/2521970941", "name": "улица Оскаленко", "public_transport": "stop_position", "railway": "tram_stop", "tram": "yes"}}, {"type": "Feature", "geometry": {"type": "Point", "coordinates": [30.2639759, 59.9839046]}, "properties": {"osm_id": "node/2521972886", "name": "улица Покрышева", "public_transport": "stop_position", "railway": "tram_stop", "tram": "yes"}}, {"type": "Feature", "geometry": {"type": "Point", "coordinates": [30.2649105, 59.9839124]}, "properties": {"osm_id": "node/2521972887", "name": "улица Покрышева", "public_transport": "stop_position", "railway": "tram_stop", "tram": "yes"}}, {"type": "Feature", "geometry": {"type": "Point", "coordinates": [30.2427448, 59.9909458]}, "properties": {"osm_id": "node/2526784051", "bench": "yes", "bin": "yes", "bus": "yes", "highway": "bus_stop", "lit": "yes", "name": "Стародеревенская улица", "public_transport": "platform", "shelter": "yes", "tactile_paving": "no"}}, {"type": "Feature", "geometry": {"type": "Point", "coordinates": [30.2383856, 59.9913287]}, "properties": {"osm_id": "node/2526784059", "bench": "yes", "bin": "yes", "bus": "yes", "highway": "bus_stop", "lit": "yes", "name": "Мебельный проезд", "public_transport": "platform", "shelter": "yes", "tactile_paving": "no"}}, {"type": "Feature", "geometry": {"type": "Point", "coordinates": [30.2360838, 59.9918026]}, "properties": {"osm_id": "node/2526784064", "bench": "yes", "bin": "yes", "bus": "yes", "highway": "bus_stop", "lit": "yes", "name": "Мебельный проезд", "public_transport": "platform", "shelter": "yes", "tactile_paving": "no"}}, {"type": "Feature", "geometry": {"type": "Point", "coordinates": [30.2235626, 59.9934264]}, "properties": {"osm_id": "node/2526784073", "bench": "yes", "bin": "yes", "bus": "yes", "highway": "bus_stop", "lit": "yes", "name": "Полиграфмашевский проезд", "public_transport": "platform", "shelter": "yes", "tactile_paving": "no"}}, {"type": "Feature", "geometry": {"type": "Point", "coordinates": [30.2196603, 59.9937613]}, "properties": {"osm_id": "node/2526784076", "bench": "yes", "bin": "yes", "bus": "yes", "highway": "bus_stop", "lit": "yes", "name": "железнодорожная платформа «Яхтенная»", "public_transport": "platform", "shelter": "yes", "tactile_paving": "no"}}, {"type": "Feature", "geometry": {"type": "Point", "coordinates": [30.188783, 59.9897573]}, "properties": {"osm_id": "node/2538022042", "name": "Конечная станция «Лахтинский разлив»", "public_transport": "stop_position", "railway": "tram_stop", "tram": "yes"}}, {"type": "Feature", "geometry": {"type": "Point", "coordinates": [30.1941012, 59.9901317]}, "properties": {"osm_id": "node/2538022045", "bench": "yes", "bin": "yes", "bus": "yes", "highway": "bus_stop", "name": "Школьная улица", "public_transport": "platform", "shelter": "yes", "tactile_paving": "no"}}, {"type": "Feature", "geometry": {"type": "Point", "coordinates": [30.2135373, 60.0098676]}, "properties": {"osm_id": "node/2544982885", "bench": "no", "bin": "yes", "bus": "yes", "disused:public_transport": "platform", "highway": "bus_stop", "name": "Туристская улица", "shelter": "no", "tactile_paving": "no"}}, {"type": "Feature", "geometry": {"type": "Point", "coordinates": [30.3196927, 59.9862978]}, "properties": {"osm_id": "node/2686960499", "bench": "yes", "bin": "yes", "bus": "yes", "highway": "bus_stop", "lit": "yes", "name": "Вазаский переулок", "public_transport": "platform", "shelter": "yes", "tactile_paving": "no"}}, {"type": "Feature", "geometry": {"type": "Point", "coordinates": [30.2805303, 60.0171502]}, "properties": {"osm_id": "node/2686997906", "bench": "yes", "bin": "yes", "bus": "yes", "highway": "bus_stop", "lit": "yes", "name": "Байконурская улица", "public_transport": "platform", "shelter": "yes", "tactile_paving": "no"}}, {"type": "Feature", "geometry": {"type": "Point", "coordinates": [30.2000524, 59.9847228]}, "properties": {"osm_id": "node/2687263674", "bench": "yes", "bin": "yes", "bus": "yes", "highway": "bus_stop", "lit": "yes", "name": "Парк 300-летия Санкт-Петербурга", "old_name": "Туристская улица", "public_transport": "platform", "shelter": "yes", "tactile_paving": "no"}}, {"type": "Feature", "geometry": {"type": "Point", "coordinates": [30.1923382, 59.9861989]}, "properties": {"osm_id": "node/2687263685", "bench": "yes", "bus": "yes", "highway": "bus_stop", "name": "Приморский проспект, 161", "public_transport": "platform", "shelter": "yes", "tactile_paving": "no"}}, {"type": "Feature", "geometry": {"type": "Point", "coordinates": [30.2046652, 59.9923342]}, "properties": {"osm_id": "node/2687263697", "bench": "yes", "bin": "yes", "bus": "yes", "highway": "bus_stop", "lit": "yes", "name": "Туристская улица", "public_transport": "platform", "shelter": "yes", "tactile_paving": "no"}}, {"type": "Feature", "geometry": {"type": "Point", "coordinates": [30.1945781, 60.0024746]}, "properties": {"osm_id": "node/2687263702", "bench": "yes", "bin": "yes", "bus": "yes", "highway": "bus_stop", "lit": "yes", "name": "улица Оптиков", "public_transport": "platform", "shelter": "yes", "tactile_paving": "no"}}, {"type": "Feature", "geometry": {"type": "Point", "coordinates": [30.1076162, 60.0219935]}, "properties": {"osm_id": "node/2710993067", "bench": "no", "bin": "no", "bus": "yes", "highway": "bus_stop", "name": "Коллективный сад «Северный»", "old_name": "садоводство им. Свердлова", "public_transport": "platform", "shelter": "no"}}, {"type": "Feature", "geometry": {"type": "Point", "coordinates": [30.3245562, 59.9859385]}, "properties": {"osm_id": "node/2771377918", "bench": "yes", "bin": "yes", "bus": "yes", "highway": "bus_stop", "name": "Белоостровская улица, 10", "public_transport": "platform", "shelter": "yes", "tactile_paving": "no"}}, {"type": "Feature", "geometry": {"type": "Point", "coordinates": [30.3218204, 59.9863796]}, "properties": {"osm_id": "node/2771377922", "bench": "yes", "bin": "yes", "bus": "yes", "highway": "bus_stop", "name": "Вазаский переулок", "public_transport": "platform", "shelter": "yes", "tactile_paving": "no"}}, {"type": "Feature", "geometry": {"type": "Point", "coordinates": [30.3151344, 59.9847572]}, "properties": {"osm_id": "node/2869691621", "bench": "no", "bin": "yes", "bus": "yes", "highway": "bus_stop", "lit": "yes", "name": "набережная Чёрной речки", "public_transport": "platform", "shelter": "no", "tactile_paving": "no"}}, {"type": "Feature", "geometry": {"type": "Point", "coordinates": [30.2949771, 59.9957384]}, "properties": {"osm_id": "node/2890939278", "bench": "yes", "bin": "yes", "highway": "bus_stop", "name": "Травматология", "public_transport": "platform", "shelter": "yes", "trolleybus": "yes"}}, {"type": "Feature", "geometry": {"type": "Point", "coordinates": [30.2547982, 60.0014349]}, "properties": {"osm_id": "node/2897211069", "bench": "yes", "bin": "yes", "bus": "yes", "highway": "bus_stop", "lit": "yes", "name": "Богатырский проспект, угол Гаккелевской улицы", "public_transport": "platform", "shelter": "yes", "tactile_paving": "no", "trolleybus": "yes", "wheelchair": "yes"}}, {"type": "Feature", "geometry": {"type": "Point", "coordinates": [30.2345306, 60.0000286]}, "properties": {"osm_id": "node/2900510826", "bench": "yes", "bin": "yes", "bus": "yes", "highway": "bus_stop", "name": "Ситцевая улица", "public_transport": "platform", "shelter": "yes", "tactile_paving": "no"}}, {"type": "Feature", "geometry": {"type": "Point", "coordinates": [30.2962507, 60.0453996]}, "properties": {"osm_id": "node/2910190802", "bench": "no", "bin": "yes", "bus": "yes", "highway": "bus_stop", "name": "железнодорожная станция «Шувалово»", "public_transport": "platform", "shelter": "no", "tactile_paving": "no"}}, {"type": "Feature", "geometry": {"type": "Point", "coordinates": [30.2959371, 60.0456813]}, "properties": {"osm_id": "node/2910190803", "bench": "no", "bin": "yes", "bus": "yes", "highway": "bus_stop", "name": "железнодорожная станция «Шувалово»", "public_transport": "platform", "shelter": "no", "tactile_paving": "no"}}, {"type": "Feature", "geometry": {"type": "Point", "coordinates": [30.2936762, 60.0503503]}, "properties": {"osm_id": "node/2910190813", "bench": "no", "bin": "yes", "bus": "yes", "highway": "bus_stop", "name": "Заповедная улица, угол Новоорловской улицы", "public_transport": "platform", "shelter": "no", "tactile_paving": "no"}}, {"type": "Feature", "geometry": {"type": "Point", "coordinates": [30.2925632, 60.0505841]}, "properties": {"osm_id": "node/2910190814", "bench": "no", "bin": "yes", "bus": "yes", "highway": "bus_stop", "name": "Заповедная улица, угол Новоорловской улицы", "public_transport": "platform", "shelter": "no", "tactile_paving": "no"}}, {"type": "Feature", "geometry": {"type": "Point", "coordinates": [30.2454274, 60.0111418]}, "properties": {"osm_id": "node/2926473737", "name": "Торговый центр", "public_transport": "stop_position", "railway": "tram_stop", "tram": "yes"}}, {"type": "Feature", "geometry": {"type": "Point", "coordinates": [30.2176216, 60.0292882]}, "properties": {"osm_id": "node/2969943416", "bench": "yes", "bin": "yes", "bus": "yes", "highway": "bus_stop", "name": "проспект Авиаконструкторов, угол Глухарской улицы", "public_transport": "platform", "shelter": "yes", "tactile_paving": "no", "trolleybus": "yes"}}, {"type": "Feature", "geometry": {"type": "Point", "coordinates": [30.2166885, 60.0293838]}, "properties": {"osm_id": "node/2969943417", "bench": "yes", "bin": "yes", "bus": "yes", "highway": "bus_stop", "name": "Глухарская улица, угол проспекта Авиаконструкторов", "public_transport": "platform", "shelter": "yes", "tactile_paving": "no"}}, {"type": "Feature", "geometry": {"type": "Point", "coordinates": [30.2248277, 60.0264341]}, "properties": {"osm_id": "node/2969943418", "bench": "yes", "bin": "yes", "bus": "yes", "highway": "bus_stop", "name": "проспект Авиаконструкторов, 49", "public_transport": "platform", "shelter": "yes", "trolleybus": "yes"}}, {"type": "Feature", "geometry": {"type": "Point", "coordinates": [30.2234928, 60.0274291]}, "properties": {"osm_id": "node/2969943419", "bench": "yes", "bin": "yes", "bus": "yes", "highway": "bus_stop", "name": "проспект Авиаконструкторов, 49", "public_transport": "platform", "shelter": "yes", "trolleybus": "yes"}}, {"type": "Feature", "geometry": {"type": "Point", "coordinates": [30.2276483, 60.0250281]}, "properties": {"osm_id": "node/2969943420", "bench": "yes", "bin": "yes", "bus": "yes", "highway": "bus_stop", "lit": "yes", "name": "Шуваловский проспект, Политехнический колледж", "public_transport": "platform", "shelter": "yes", "tactile_paving": "no"}}, {"type": "Feature", "geometry": {"type": "Point", "coordinates": [30.2353802, 60.0076468]}, "properties": {"osm_id": "node/2969964450", "bench": "yes", "bin": "yes", "bus": "yes", "highway": "bus_stop", "lit": "yes", "name": "Планерная улица", "public_transport": "platform", "shelter": "yes", "tactile_paving": "no"}}, {"type": "Feature", "geometry": {"type": "Point", "coordinates": [30.2289516, 60.0246092]}, "properties": {"osm_id": "node/2970583444", "bench": "no", "bin": "yes", "bus": "yes", "highway": "bus_stop", "name": "проспект Авиаконструкторов, Политехнический колледж", "public_transport": "platform", "shelter": "no", "tactile_paving": "no"}}, {"type": "Feature", "geometry": {"type": "Point", "coordinates": [30.1925396, 59.9937418]}, "properties": {"osm_id": "node/2970640280", "bench": "yes", "bin": "yes", "bus": "yes", "highway": "bus_stop", "lit": "yes", "name": "Шуваловский проспект", "public_transport": "platform", "shelter": "yes", "tactile_paving": "no"}}, {"type": "Feature", "geometry": {"type": "Point", "coordinates": [30.2048868, 59.9952837]}, "properties": {"osm_id": "node/2970640281", "bench": "yes", "bin": "yes", "bus": "yes", "highway": "bus_stop", "lit": "yes", "name": "Лыжный переулок", "public_transport": "platform", "shelter": "yes", "tactile_paving": "no", "wheelchair": "yes"}}, {"type": "Feature", "geometry": {"type": "Point", "coordinates": [30.3237675, 59.9862183]}, "properties": {"osm_id": "node/2986446948", "bench": "yes", "bin": "yes", "bus": "yes", "highway": "bus_stop", "name": "Белоостровская улица, 10", "public_transport": "platform", "shelter": "yes", "tactile_paving": "no"}}, {"type": "Feature", "geometry": {"type": "Point", "coordinates": [30.2676986, 60.0278061]}, "properties": {"osm_id": "node/3001693041", "bench": "no", "bin": "yes", "bus": "yes", "highway": "bus_stop", "name": "Автобусный парк № 2", "public_transport": "platform", "shelter": "no", "tactile_paving": "no"}}, {"type": "Feature", "geometry": {"type": "Point", "coordinates": [30.2747104, 60.0271931]}, "properties": {"osm_id": "node/3001693042", "bench": "yes", "bin": "yes", "bus": "yes", "highway": "bus_stop", "name": "улица Маршала Новикова", "public_transport": "platform", "shelter": "yes", "tactile_paving": "no"}}, {"type": "Feature", "geometry": {"type": "Point", "coordinates": [30.2688975, 60.0281949]}, "properties": {"osm_id": "node/3001693043", "bench": "yes", "bin": "yes", "bus": "yes", "highway": "bus_stop", "name": "Автобусный переулок", "public_transport": "platform", "shelter": "yes"}}, {"type": "Feature", "geometry": {"type": "Point", "coordinates": [30.2742029, 60.0276438]}, "properties": {"osm_id": "node/3001693044", "bench": "no", "bus": "yes", "highway": "bus_stop", "name": "улица Маршала Новикова", "public_transport": "platform", "shelter": "no"}}, {"type": "Feature", "geometry": {"type": "Point", "coordinates": [30.2754816, 60.0240187]}, "properties": {"osm_id": "node/3025187321", "bench": "yes", "bin": "yes", "bus": "yes", "highway": "bus_stop", "name": "Вербная улица, угол улицы Маршала Новикова", "public_transport": "platform", "shelter": "yes", "tactile_paving": "no"}}, {"type": "Feature", "geometry": {"type": "Point", "coordinates": [30.246127, 60.0022267]}, "properties": {"osm_id": "node/3048041066", "bench": "yes", "bin": "yes", "bus": "yes", "highway": "bus_stop", "lit": "yes", "name": "Стародеревенская улица", "public_transport": "platform", "shelter": "yes", "tactile_paving": "no", "trolleybus": "yes"}}, {"type": "Feature", "geometry": {"type": "Point", "coordinates": [30.2460474, 60.00292]}, "properties": {"osm_id": "node/3048041067", "bench": "yes", "bin": "yes", "bus": "yes", "highway": "bus_stop", "lit": "yes", "name": "Стародеревенская улица, угол Богатырского проспекта", "public_transport": "platform", "shelter": "yes", "tactile_paving": "no"}}, {"type": "Feature", "geometry": {"type": "Point", "coordinates": [30.2368522, 60.003874]}, "properties": {"osm_id": "node/3060510742", "bench": "yes", "bin": "yes", "bus": "yes", "highway": "bus_stop", "lit": "yes", "name": "Богатырский проспект, угол Планерной улицы", "public_transport": "platform", "shelter": "yes", "trolleybus": "yes"}}, {"type": "Feature", "geometry": {"type": "Point", "coordinates": [30.215937, 59.9879004]}, "properties": {"osm_id": "node/3071413466", "bench": "yes", "bin": "yes", "bus": "yes", "highway": "bus_stop", "lit": "yes", "name": "Яхтенная улица", "public_transport": "platform", "shelter": "yes", "tactile_paving": "no"}}, {"type": "Feature", "geometry": {"type": "Point", "coordinates": [30.2116535, 59.9921263]}, "properties": {"osm_id": "node/3071413469", "bench": "yes", "bin": "yes", "bus": "yes", "highway": "bus_stop", "lit": "yes", "name": "Поликлиника № 114", "public_transport": "platform", "share_taxi": "yes", "shelter": "yes", "tactile_paving": "no"}}, {"type": "Feature", "geometry": {"type": "Point", "coordinates": [30.2862414, 60.0312254]}, "properties": {"osm_id": "node/3073013377", "bench": "no", "bin": "no", "bus": "yes", "highway": "bus_stop", "name": "Репищева улица", "public_transport": "platform", "shelter": "no", "tactile_paving": "no"}}, {"type": "Feature", "geometry": {"type": "Point", "coordinates": [30.2835158, 60.0276059]}, "properties": {"osm_id": "node/3073013384", "bench": "yes", "bin": "yes", "bus": "yes", "highway": "bus_stop", "name": "улица Щербакова", "public_transport": "platform", "shelter": "yes"}}, {"type": "Feature", "geometry": {"type": "Point", "coordinates": [30.3051209, 60.016078]}, "properties": {"osm_id": "node/3073013385", "bench": "no", "bin": "yes", "bus": "yes", "highway": "bus_stop", "lit": "yes", "name": "Центр имени Алмазова", "public_transport": "platform", "shelter": "no", "tactile_paving": "no"}}, {"type": "Feature", "geometry": {"type": "Point", "coordinates": [30.2841515, 60.0267737]}, "properties": {"osm_id": "node/3073013386", "bench": "no", "bin": "yes", "bus": "yes", "highway": "bus_stop", "name": "улица Щербакова", "public_transport": "platform", "shelter": "no", "tactile_paving": "no"}}, {"type": "Feature", "geometry": {"type": "Point", "coordinates": [30.308094, 60.0160568]}, "properties": {"osm_id": "node/3073013387", "bench": "no", "bin": "yes", "bus": "yes", "highway": "bus_stop", "lit": "yes", "name": "улица Аккуратова, угол Афонской улицы", "public_transport": "platform", "request_stop": "yes", "shelter": "no", "tactile_paving": "no"}}, {"type": "Feature", "geometry": {"type": "Point", "coordinates": [30.3123338, 60.0169193]}, "properties": {"osm_id": "node/3073013392", "bench": "yes", "bin": "yes", "bus": "yes", "highway": "bus_stop", "lit": "no", "name": "железнодорожная станция «Удельная»", "public_transport": "platform", "shelter": "yes", "tactile_paving": "no"}}, {"type": "Feature", "geometry": {"type": "Point", "coordinates": [30.3102006, 60.016379]}, "properties": {"osm_id": "node/3073013395", "bench": "yes", "bin": "yes", "bus": "yes", "highway": "bus_stop", "lit": "yes", "name": "железнодорожная станция «Удельная»", "public_transport": "platform", "shelter": "yes", "tactile_paving": "no"}}, {"type": "Feature", "geometry": {"type": "Point", "coordinates": [30.2983864, 60.0431399]}, "properties": {"osm_id": "node/3073159357", "bench": "no", "bin": "no", "bus": "yes", "highway": "bus_stop", "name": "Сегалева улица", "public_transport": "platform", "shelter": "no"}}, {"type": "Feature", "geometry": {"type": "Point", "coordinates": [30.2711271, 60.0469159]}, "properties": {"osm_id": "node/3073159376", "bench": "yes", "bin": "yes", "bus": "yes", "highway": "bus_stop", "name": "река Каменка", "public_transport": "platform", "shelter": "yes"}}, {"type": "Feature", "geometry": {"type": "Point", "coordinates": [30.2988627, 60.0426931]}, "properties": {"osm_id": "node/3073159396", "bench": "no", "bin": "yes", "bus": "yes", "highway": "bus_stop", "name": "Сегалева улица", "public_transport": "platform", "shelter": "no"}}, {"type": "Feature", "geometry": {"type": "Point", "coordinates": [30.2416865, 60.0139555]}, "properties": {"osm_id": "node/3103751157", "bench": "yes", "bin": "yes", "bus": "yes", "highway": "bus_stop", "lit": "yes", "name": "Долгоозёрная улица", "public_transport": "platform", "shelter": "yes", "tactile_paving": "no"}}, {"type": "Feature", "geometry": {"type": "Point", "coordinates": [30.3004426, 60.0146682]}, "properties": {"osm_id": "node/3181027864", "bench": "yes", "bin": "yes", "bus": "yes", "highway": "bus_stop", "lit": "yes", "name": "Стадион", "public_transport": "platform", "shelter": "no", "tactile_paving": "no"}}, {"type": "Feature", "geometry": {"type": "Point", "coordinates": [30.2317431, 59.9848689]}, "properties": {"osm_id": "node/3196808805", "bench": "no", "bin": "yes", "bus": "yes", "highway": "bus_stop", "lit": "yes", "name": "улица Савушкина, 115", "public_transport": "platform", "shelter": "no", "tactile_paving": "no"}}, {"type": "Feature", "geometry": {"type": "Point", "coordinates": [30.2384199, 60.0491995]}, "properties": {"osm_id": "node/3341925546", "bench": "yes", "bus": "yes", "highway": "bus_stop", "name": "Зоологический институт", "public_transport": "platform", "shelter": "yes", "tactile_paving": "no"}}, {"type": "Feature", "geometry": {"type": "Point", "coordinates": [30.2466019, 60.0465167]}, "properties": {"osm_id": "node/3341925548", "bench": "yes", "bin": "yes", "bus": "yes", "highway": "bus_stop", "name": "АО «ОДК-Климов»", "public_transport": "platform", "shelter": "yes"}}, {"type": "Feature", "geometry": {"type": "Point", "coordinates": [30.2438586, 60.0477153]}, "properties": {"osm_id": "node/3341925549", "bench": "yes", "bin": "yes", "bus": "yes", "highway": "bus_stop", "name": "улица Академика Харитона", "public_transport": "platform", "shelter": "yes"}}, {"type": "Feature", "geometry": {"type": "Point", "coordinates": [30.3026371, 60.0294537]}, "properties": {"osm_id": "node/3365376985", "bench": "no", "bin": "no", "bus": "yes", "highway": "bus_stop", "lit": "yes", "name": "улица Щербакова", "public_transport": "platform", "shelter": "no"}}, {"type": "Feature", "geometry": {"type": "Point", "coordinates": [30.2959262, 60.0338749]}, "properties": {"osm_id": "node/3388193363", "bench": "no", "bus": "yes", "highway": "bus_stop", "name": "Десятинный переулок", "public_transport": "platform", "shelter": "no"}}, {"type": "Feature", "geometry": {"type": "Point", "coordinates": [30.304289, 60.0153972]}, "properties": {"osm_id": "node/3394925572", "bench": "yes", "bin": "yes", "bus": "yes", "highway": "bus_stop", "lit": "yes", "name": "Центр имени Алмазова", "old_name": "Кардиологический центр", "public_transport": "platform", "shelter": "yes", "tactile_paving": "no"}}, {"type": "Feature", "geometry": {"type": "Point", "coordinates": [30.2525091, 60.0455237]}, "properties": {"osm_id": "node/3399948640", "bench": "yes", "bus": "yes", "highway": "bus_stop", "name": "ФТИ имени А.Ф. Иоффе", "public_transport": "platform", "shelter": "yes"}}, {"type": "Feature", "geometry": {"type": "Point", "coordinates": [30.2463242, 60.0359563]}, "properties": {"osm_id": "node/3399948643", "bench": "yes", "bin": "yes", "bus": "yes", "highway": "bus_stop", "lit": "yes", "name": "улица Лидии Зверевой", "public_transport": "platform", "shelter": "yes", "tactile_paving": "no", "trolleybus": "yes"}}, {"type": "Feature", "geometry": {"type": "Point", "coordinates": [30.2281655, 60.0173441]}, "properties": {"osm_id": "node/3465981445", "bench": "yes", "bin": "yes", "bus": "yes", "highway": "bus_stop", "name": "Планерная улица, 49", "public_transport": "platform", "shelter": "yes", "tactile_paving": "no"}}, {"type": "Feature", "geometry": {"type": "Point", "coordinates": [30.227998, 60.0177911]}, "properties": {"osm_id": "node/3465981447", "bench": "yes", "bin": "yes", "bus": "yes", "highway": "bus_stop", "name": "Планерная улица, 49", "public_transport": "platform", "shelter": "yes", "tactile_paving": "no"}}, {"type": "Feature", "geometry": {"type": "Point", "coordinates": [30.2352683, 60.0096575]}, "properties": {"osm_id": "node/3484761600", "bench": "yes", "bin": "yes", "bus": "yes", "highway": "bus_stop", "lit": "yes", "name": "улица Ильюшина", "public_transport": "platform", "shelter": "yes", "tactile_paving": "no"}}, {"type": "Feature", "geometry": {"type": "Point", "coordinates": [30.2351693, 60.0104885]}, "properties": {"osm_id": "node/3484761605", "bench": "yes", "bin": "yes", "bus": "yes", "highway": "bus_stop", "lit": "yes", "name": "улица Ильюшина", "public_transport": "platform", "shelter": "yes", "tactile_paving": "no"}}, {"type": "Feature", "geometry": {"type": "Point", "coordinates": [30.1929897, 59.9962634]}, "properties": {"osm_id": "node/3538218508", "bench": "yes", "bin": "yes", "bus": "yes", "highway": "bus_stop", "lit": "yes", "name": "Шуваловский проспект, 88", "public_transport": "platform", "shelter": "yes", "tactile_paving": "no"}}, {"type": "Feature", "geometry": {"type": "Point", "coordinates": [30.2126998, 60.0284768]}, "properties": {"osm_id": "node/3545265567", "bench": "yes", "bin": "yes", "bus": "yes", "highway": "bus_stop", "name": "Глухарская улица, 5", "public_transport": "platform", "shelter": "yes", "tactile_paving": "no"}}, {"type": "Feature", "geometry": {"type": "Point", "coordinates": [30.3025667, 59.9871469]}, "properties": {"osm_id": "node/3549082734", "bench": "yes", "bin": "yes", "bus": "yes", "highway": "bus_stop", "lit": "yes", "name": "набережная Чёрной речки", "public_transport": "platform", "shelter": "yes", "tactile_paving": "no", "trolleybus": "yes"}}, {"type": "Feature", "geometry": {"type": "Point", "coordinates": [30.2355035, 60.0241283]}, "properties": {"osm_id": "node/3643574417", "bench": "yes", "bin": "yes", "bus": "yes", "highway": "bus_stop", "name": "улица Шаврова", "public_transport": "platform", "shelter": "yes", "tactile_paving": "no", "trolleybus": "yes"}}, {"type": "Feature", "geometry": {"type": "Point", "coordinates": [30.2208697, 60.0228211]}, "properties": {"osm_id": "node/3643574421", "bench": "yes", "bin": "yes", "bus": "yes", "highway": "bus_stop", "lit": "yes", "name": "Шуваловский проспект, угол Планерной улицы", "public_transport": "platform", "shelter": "yes", "tactile_paving": "no"}}, {"type": "Feature", "geometry": {"type": "Point", "coordinates": [30.2241386, 60.0047367]}, "properties": {"osm_id": "node/3647979141", "bench": "no", "bin": "no", "bus": "yes", "highway": "bus_stop", "lit": "yes", "name": "Яхтенная улица, угол Богатырского проспекта", "public_transport": "platform", "shelter": "no", "tactile_paving": "no"}}, {"type": "Feature", "geometry": {"type": "Point", "coordinates": [30.2114236, 59.9950946]}, "properties": {"osm_id": "node/3754824607", "bench": "yes", "bin": "yes", "bus": "yes", "highway": "bus_stop", "lit": "yes", "name": "Мебельная улица, 25", "public_transport": "platform", "shelter": "yes", "tactile_paving": "no"}}, {"type": "Feature", "geometry": {"type": "Point", "coordinates": [29.9994243, 60.0278363]}, "properties": {"osm_id": "node/3800992056", "bench": "yes", "bin": "yes", "bus": "yes", "highway": "bus_stop", "name": "Лисий Нос, Военная улица", "public_transport": "platform", "shelter": "yes"}}, {"type": "Feature", "geometry": {"type": "Point", "coordinates": [30.2358982, 60.0065011]}, "properties": {"osm_id": "node/3806865909", "bench": "no", "bin": "yes", "bus": "yes", "highway": "bus_stop", "kerb": "raised", "kerb:approach_aid": "no", "lit": "no", "name": "Планерная улица, угол Камышовой улицы", "passenger_information_display": "no", "public_transport": "platform", "shelter": "no", "tactile_paving": "no"}}, {"type": "Feature", "geometry": {"type": "Point", "coordinates": [30.236292, 60.0078281]}, "properties": {"osm_id": "node/3806865920", "bench": "yes", "bin": "yes", "bus": "yes", "highway": "bus_stop", "lit": "yes", "name": "Планерная улица, угол Камышовой улицы", "public_transport": "platform", "shelter": "yes", "tactile_paving": "no"}}, {"type": "Feature", "geometry": {"type": "Point", "coordinates": [30.2123718, 59.9831442]}, "properties": {"osm_id": "node/3818335974", "bench": "yes", "bin": "yes", "bus": "yes", "highway": "bus_stop", "lit": "yes", "name": "Приморский проспект, 139", "public_transport": "platform", "shelter": "yes", "tactile_paving": "no"}}, {"type": "Feature", "geometry": {"type": "Point", "coordinates": [30.2340839, 59.999322]}, "properties": {"osm_id": "node/3827033375", "bench": "yes", "bin": "yes", "bus": "yes", "highway": "bus_stop", "name": "Ситцевая улица", "public_transport": "platform", "shelter": "yes", "tactile_paving": "no"}}, {"type": "Feature", "geometry": {"type": "Point", "coordinates": [30.2562976, 60.0049266]}, "properties": {"osm_id": "node/3837058848", "bench": "yes", "bin": "yes", "bus": "yes", "highway": "bus_stop", "lit": "yes", "name": "Камышовая улица", "public_transport": "platform", "shelter": "yes", "tactile_paving": "no"}}, {"type": "Feature", "geometry": {"type": "Point", "coordinates": [30.2438156, 59.9962117]}, "properties": {"osm_id": "node/3855002159", "bench": "yes", "bin": "no", "bus": "yes", "highway": "bus_stop", "name": "Стародеревенская улица", "public_transport": "platform", "shelter": "yes", "tactile_paving": "no"}}, {"type": "Feature", "geometry": {"type": "Point", "coordinates": [30.245321, 59.996443]}, "properties": {"osm_id": "node/3855002163", "bench": "yes", "bin": "yes", "bus": "yes", "highway": "bus_stop", "name": "улица Оптиков, угол Стародеревенской улицы", "public_transport": "platform", "shelter": "yes", "trolleybus": "yes"}}, {"type": "Feature", "geometry": {"type": "Point", "coordinates": [30.2442578, 59.990686]}, "properties": {"osm_id": "node/3895608105", "bench": "yes", "bin": "yes", "bus": "yes", "highway": "bus_stop", "lit": "yes", "name": "Стародеревенская улица", "public_transport": "platform", "shelter": "yes", "tactile_paving": "no"}}, {"type": "Feature", "geometry": {"type": "Point", "coordinates": [30.2787811, 60.0165137]}, "properties": {"osm_id": "node/3934892079", "bench": "yes", "bin": "yes", "bus": "yes", "highway": "bus_stop", "lit": "yes", "name": "Парашютная улица", "public_transport": "platform", "shelter": "no", "tactile_paving": "no"}}, {"type": "Feature", "geometry": {"type": "Point", "coordinates": [30.2222562, 60.0220053]}, "properties": {"osm_id": "node/4081066946", "bench": "yes", "bin": "yes", "bus": "yes", "highway": "bus_stop", "lit": "yes", "name": "Шуваловский проспект, угол Планерной улицы", "public_transport": "platform", "shelter": "yes", "tactile_paving": "no"}}, {"type": "Feature", "geometry": {"type": "Point", "coordinates": [30.2042392, 59.9950233]}, "properties": {"osm_id": "node/4100295886", "bench": "no", "bin": "yes", "bus": "yes", "highway": "bus_stop", "lit": "yes", "name": "Лыжный переулок", "public_transport": "platform", "shelter": "no", "tactile_paving": "no"}}, {"type": "Feature", "geometry": {"type": "Point", "coordinates": [30.2078228, 59.995083]}, "properties": {"osm_id": "node/4100295887", "bench": "yes", "bin": "yes", "bus": "yes", "highway": "bus_stop", "lit": "yes", "name": "Мебельная улица, угол Туристской улицы", "public_transport": "platform", "shelter": "yes", "tactile_paving": "no"}}, {"type": "Feature", "geometry": {"type": "Point", "coordinates": [30.193457, 59.993195]}, "properties": {"osm_id": "node/4100336481", "bench": "yes", "bin": "yes", "bus": "yes", "highway": "bus_stop", "lit": "yes", "name": "Мебельная улица", "public_transport": "platform", "shelter": "yes", "tactile_paving": "no"}}, {"type": "Feature", "geometry": {"type": "Point", "coordinates": [30.1923323, 59.9959898]}, "properties": {"osm_id": "node/4100336482", "bench": "no", "bin": "yes", "bus": "yes", "highway": "bus_stop", "lit": "yes", "name": "Шуваловский проспект, 88", "public_transport": "platform", "shelter": "no", "tactile_paving": "no"}}, {"type": "Feature", "geometry": {"type": "Point", "coordinates": [30.1944923, 60.0009185]}, "properties": {"osm_id": "node/4100336483", "bench": "yes", "bin": "yes", "bus": "yes", "highway": "bus_stop", "lit": "yes", "name": "Лахтинский разлив", "public_transport": "platform", "shelter": "yes", "tactile_paving": "no"}}, {"type": "Feature", "geometry": {"type": "Point", "coordinates": [30.2867992, 59.9853521]}, "properties": {"osm_id": "node/4132368206", "bench": "yes", "bin": "yes", "bus": "yes", "highway": "bus_stop", "lit": "yes", "name": "улица Академика Шиманского", "public_transport": "platform", "shelter": "yes", "tactile_paving": "no", "tram": "yes"}}, {"type": "Feature", "geometry": {"type": "Point", "coordinates": [30.287811, 59.9853291]}, "properties": {"osm_id": "node/4132368207", "name": "улица Академика Шиманского", "public_transport": "stop_position", "railway": "tram_stop", "tram": "yes"}}, {"type": "Feature", "geometry": {"type": "Point", "coordinates": [30.2179162, 59.9941906]}, "properties": {"osm_id": "node/4137724724", "bench": "yes", "bin": "yes", "bus": "yes", "highway": "bus_stop", "lit": "yes", "name": "железнодорожная платформа «Яхтенная»", "public_transport": "platform", "shelter": "yes", "tactile_paving": "no"}}, {"type": "Feature", "geometry": {"type": "Point", "coordinates": [30.1934123, 60.000196]}, "properties": {"osm_id": "node/4138690300", "bench": "yes", "bin": "yes", "bus": "yes", "highway": "bus_stop", "lit": "yes", "name": "Лахтинский разлив", "public_transport": "platform", "shelter": "yes", "tactile_paving": "no"}}, {"type": "Feature", "geometry": {"type": "Point", "coordinates": [30.2222599, 60.0002045]}, "properties": {"osm_id": "node/4138727798", "bench": "yes", "bin": "yes", "bus": "yes", "highway": "bus_stop", "lit": "yes", "name": "Яхтенная улица, угол улицы Оптиков", "public_transport": "platform", "shelter": "yes", "tactile_paving": "no"}}, {"type": "Feature", "geometry": {"type": "Point", "coordinates": [30.2212389, 59.9990498]}, "properties": {"osm_id": "node/4138727800", "bench": "yes", "bin": "yes", "bus": "yes", "highway": "bus_stop", "lit": "yes", "name": "Яхтенная улица, угол улицы Оптиков", "public_transport": "platform", "shelter": "yes", "tactile_paving": "no"}}, {"type": "Feature", "geometry": {"type": "Point", "coordinates": [30.2247931, 59.9931011]}, "properties": {"osm_id": "node/4138735879", "bench": "yes", "bin": "yes", "bus": "yes", "highway": "bus_stop", "lit": "yes", "name": "Полиграфмашевский проезд", "public_transport": "platform", "shelter": "yes", "tactile_paving": "no"}}, {"type": "Feature", "geometry": {"type": "Point", "coordinates": [30.2549269, 59.9905611]}, "properties": {"osm_id": "node/4140105262", "bench": "no", "bin": "yes", "bus": "yes", "highway": "bus_stop", "lit": "yes", "name": "станция метро «Старая Деревня»", "public_transport": "platform", "shelter": "yes", "tactile_paving": "no", "trolleybus": "yes"}}, {"type": "Feature", "geometry": {"type": "Point", "coordinates": [30.2544524, 59.9900086]}, "properties": {"osm_id": "node/4140105264", "bench": "yes", "bin": "yes", "bus": "yes", "highway": "bus_stop", "lit": "yes", "name": "станция метро «Старая Деревня»", "public_transport": "platform", "shelter": "yes", "tactile_paving": "no"}}, {"type": "Feature", "geometry": {"type": "Point", "coordinates": [30.2668144, 60.0100896]}, "properties": {"osm_id": "node/4317630535", "bench": "yes", "bin": "yes", "bus": "yes", "highway": "bus_stop", "lit": "yes", "name": "улица Маршала Новикова, 4", "public_transport": "platform", "shelter": "yes", "tactile_paving": "no"}}, {"type": "Feature", "geometry": {"type": "Point", "coordinates": [29.9766938, 60.0400714]}, "properties": {"osm_id": "node/4385159276", "bench": "yes", "bin": "yes", "bus": "yes", "highway": "bus_stop", "name": "железнодорожная платформа «Горская»", "public_transport": "platform", "shelter": "yes", "tactile_paving": "no"}}, {"type": "Feature", "geometry": {"type": "Point", "coordinates": [30.2116004, 60.006256]}, "properties": {"osm_id": "node/4511023666", "bench": "yes", "bin": "yes", "bus": "yes", "highway": "bus_stop", "lit": "yes", "name": "Туристская улица, угол Богатырского проспекта", "public_transport": "platform", "shelter": "yes", "tactile_paving": "no"}}, {"type": "Feature", "geometry": {"type": "Point", "coordinates": [30.2033697, 60.0103744]}, "properties": {"osm_id": "node/4511023672", "bench": "yes", "bin": "yes", "bus": "yes", "highway": "bus_stop", "name": "Камышовая улица, 56", "public_transport": "platform", "shelter": "yes", "tactile_paving": "no"}}, {"type": "Feature", "geometry": {"type": "Point", "coordinates": [30.2326648, 59.9983994]}, "properties": {"osm_id": "node/4732796432", "bench": "yes", "bin": "yes", "bus": "yes", "highway": "bus_stop", "name": "Планерная улица", "public_transport": "platform", "shelter": "yes", "tactile_paving": "no", "trolleybus": "yes"}}, {"type": "Feature", "geometry": {"type": "Point", "coordinates": [30.2114055, 60.0070175]}, "properties": {"osm_id": "node/4734172222", "bench": "yes", "bin": "yes", "bus": "yes", "highway": "bus_stop", "lit": "yes", "name": "Богатырский проспект, угол Туристской улицы", "public_transport": "platform", "shelter": "yes", "tactile_paving": "no", "trolleybus": "yes"}}, {"type": "Feature", "geometry": {"type": "Point", "coordinates": [30.2040186, 60.0080021]}, "properties": {"osm_id": "node/4734172223", "bench": "yes", "bin": "yes", "bus": "yes", "highway": "bus_stop", "name": "Богатырский проспект, угол Шуваловского проспекта", "public_transport": "platform", "shelter": "yes", "trolleybus": "yes"}}, {"type": "Feature", "geometry": {"type": "Point", "coordinates": [30.24693, 60.0087498]}, "properties": {"osm_id": "node/4734176221", "bench": "yes", "bin": "yes", "bus": "yes", "highway": "bus_stop", "lit": "yes", "name": "Стародеревенская улица", "name:ru": "Стародеревенская улица", "public_transport": "platform", "shelter": "yes", "tactile_paving": "no"}}, {"type": "Feature", "geometry": {"type": "Point", "coordinates": [30.2238642, 60.0054428]}, "properties": {"osm_id": "node/4734180821", "bench": "yes", "bin": "yes", "bus": "yes", "highway": "bus_stop", "lit": "yes", "name": "Богатырский проспект, угол Яхтенной улицы", "public_transport": "platform", "shelter": "yes", "tactile_paving": "no", "trolleybus": "yes"}}, {"type": "Feature", "geometry": {"type": "Point", "coordinates": [30.2132591, 60.0103149]}, "properties": {"osm_id": "node/4741454635", "bench": "no", "bin": "yes", "bus": "yes", "highway": "bus_stop", "lit": "no", "name": "Туристская улица", "public_transport": "platform", "shelter": "no", "tactile_paving": "no"}}, {"type": "Feature", "geometry": {"type": "Point", "coordinates": [30.2478591, 60.0080328]}, "properties": {"osm_id": "node/4741473022", "bench": "yes", "bin": "yes", "bus": "yes", "highway": "bus_stop", "lit": "yes", "name": "Стародеревенская улица", "public_transport": "platform", "shelter": "yes", "tactile_paving": "no"}}, {"type": "Feature", "geometry": {"type": "Point", "coordinates": [30.2338364, 60.0299063]}, "properties": {"osm_id": "node/4788100034", "bench": "yes", "bin": "yes", "bus": "yes", "highway": "bus_stop", "lit": "yes", "name": "Комендантский проспект, угол Шуваловского проспекта", "public_transport": "platform", "ref": "127", "shelter": "yes", "tactile_paving": "no", "trolleybus": "yes"}}, {"type": "Feature", "geometry": {"type": "Point", "coordinates": [30.2774331, 59.9843479]}, "properties": {"osm_id": "node/4791888722", "bench": "yes", "bin": "yes", "name": "улица Оскаленко", "public_transport": "platform", "shelter": "yes", "tactile_paving": "no", "tram": "yes"}}, {"type": "Feature", "geometry": {"type": "Point", "coordinates": [30.2881229, 59.9852215]}, "properties": {"osm_id": "node/4791908424", "bench": "yes", "bin": "yes", "bus": "yes", "highway": "bus_stop", "lit": "yes", "name": "улица Академика Шиманского", "public_transport": "platform", "shelter": "yes", "tactile_paving": "no"}}, {"type": "Feature", "geometry": {"type": "Point", "coordinates": [30.2466408, 60.0056591]}, "properties": {"osm_id": "node/4793756226", "bench": "yes", "bin": "yes", "bus": "yes", "highway": "bus_stop", "lit": "yes", "name": "Камышовая улица", "public_transport": "platform", "shelter": "yes", "tactile_paving": "no"}}, {"type": "Feature", "geometry": {"type": "Point", "coordinates": [30.1436824, 60.0292324]}, "properties": {"osm_id": "node/4801377796", "bench": "yes", "bin": "yes", "bus": "yes", "highway": "bus_stop", "name": "ЖК «Юнтолово»", "public_transport": "platform", "shelter": "yes", "tactile_paving": "no"}}, {"type": "Feature", "geometry": {"type": "Point", "coordinates": [30.2423418, 60.0577886]}, "properties": {"osm_id": "node/4815281970", "bench": "yes", "bin": "yes", "bus": "yes", "check_date:shelter": "2023-03-16", "highway": "bus_stop", "name": "Жилгородок", "public_transport": "platform", "shelter": "yes", "tactile_paving": "no"}}, {"type": "Feature", "geometry": {"type": "Point", "coordinates": [30.2367896, 60.0559471]}, "properties": {"osm_id": "node/4815281971", "bench": "yes", "bin": "yes", "bus": "yes", "highway": "bus_stop", "lit": "yes", "name": "Дом Лесника", "public_transport": "platform", "request_stop": "yes", "shelter": "yes", "tactile_paving": "no"}}, {"type": "Feature", "geometry": {"type": "Point", "coordinates": [30.2540971, 59.9856791]}, "properties": {"osm_id": "node/4857655931", "name": "Администрация Приморского района", "public_transport": "stop_position", "railway": "tram_stop", "tram": "yes"}}, {"type": "Feature", "geometry": {"type": "Point", "coordinates": [30.2541253, 59.9847924]}, "properties": {"osm_id": "node/4857657829", "name": "Администрация Приморского района", "public_transport": "stop_position", "railway": "tram_stop", "tram": "yes"}}, {"type": "Feature", "geometry": {"type": "Point", "coordinates": [30.2516422, 59.9956321]}, "properties": {"osm_id": "node/4857701438", "bench": "yes", "bin": "yes", "bus": "yes", "highway": "bus_stop", "name": "Гаккелевская улица", "public_transport": "platform", "shelter": "yes", "trolleybus": "yes"}}, {"type": "Feature", "geometry": {"type": "Point", "coordinates": [30.2259998, 60.0214554]}, "properties": {"osm_id": "node/4902093110", "bench": "yes", "bin": "no", "bus": "yes", "highway": "bus_stop", "lit": "no", "name": "Планерная улица", "public_transport": "platform", "shelter": "yes", "tactile_paving": "no"}}, {"type": "Feature", "geometry": {"type": "Point", "coordinates": [30.3089535, 59.9884464]}, "properties": {"osm_id": "node/4929539087", "name": "Новосибирская улица", "public_transport": "stop_position", "railway": "tram_stop", "tram": "yes"}}, {"type": "Feature", "geometry": {"type": "Point", "coordinates": [30.3215935, 59.992442]}, "properties": {"osm_id": "node/4929539088", "name": "Омская улица", "public_transport": "stop_position", "railway": "tram_stop", "tram": "yes"}}, {"type": "Feature", "geometry": {"type": "Point", "coordinates": [30.141026, 60.0319042]}, "properties": {"osm_id": "node/5139052640", "bench": "yes", "bin": "yes", "bus": "yes", "highway": "bus_stop", "name": "Гладышевский проспект, угол Юнтоловского проспекта", "public_transport": "platform", "shelter": "yes"}}, {"type": "Feature", "geometry": {"type": "Point", "coordinates": [30.2442687, 60.029166]}, "properties": {"osm_id": "node/5212070118", "bench": "yes", "bin": "yes", "bus": "yes", "departures_board": "yes", "highway": "bus_stop", "lit": "yes", "name": "Шуваловский проспект", "public_transport": "platform", "shelter": "no", "tactile_paving": "no", "trolleybus": "yes"}}, {"type": "Feature", "geometry": {"type": "Point", "coordinates": [30.2433282, 60.0306582]}, "properties": {"osm_id": "node/5212070119", "bench": "yes", "bin": "yes", "bus": "yes", "departures_board": "yes", "highway": "bus_stop", "lit": "yes", "name": "Шуваловский проспект", "public_transport": "platform", "shelter": "yes", "tactile_paving": "no", "trolleybus": "yes"}}, {"type": "Feature", "geometry": {"type": "Point", "coordinates": [30.2674374, 60.0584615]}, "properties": {"osm_id": "node/5299761007", "bench": "yes", "bin": "yes", "bus": "yes", "highway": "bus_stop", "lit": "no", "name": "Орлово-Денисовский проспект", "public_transport": "platform", "shelter": "yes", "tactile_paving": "no", "trolleybus": "yes"}}, {"type": "Feature", "geometry": {"type": "Point", "coordinates": [30.2651712, 60.0587877]}, "properties": {"osm_id": "node/5299761008", "bench": "yes", "bin": "yes", "bus": "yes", "highway": "bus_stop", "lit": "no", "name": "Орлово-Денисовский проспект", "public_transport": "platform", "shelter": "yes", "tactile_paving": "no"}}, {"type": "Feature", "geometry": {"type": "Point", "coordinates": [30.2148271, 59.9865473]}, "properties": {"osm_id": "node/5354291708", "bench": "yes", "bus": "yes", "highway": "bus_stop", "name": "улица Савушкина, угол Яхтенной улицы", "public_transport": "platform", "shelter": "yes"}}, {"type": "Feature", "geometry": {"type": "Point", "coordinates": [30.1392621, 60.0323202]}, "properties": {"osm_id": "node/5433564721", "bench": "yes", "bin": "yes", "bus": "yes", "highway": "bus_stop", "name": "Гладышевский проспект, угол Юнтоловского проспекта", "public_transport": "platform", "shelter": "yes"}}, {"type": "Feature", "geometry": {"type": "Point", "coordinates": [30.2465737, 60.0272173]}, "properties": {"osm_id": "node/5472595254", "bench": "yes", "bin": "yes", "bus": "yes", "highway": "bus_stop", "lit": "yes", "name": "проспект Королёва, 57", "public_transport": "platform", "shelter": "yes", "tactile_paving": "no", "trolleybus": "yes"}}, {"type": "Feature", "geometry": {"type": "Point", "coordinates": [30.2465562, 60.0279589]}, "properties": {"osm_id": "node/5472595255", "bench": "no", "bin": "yes", "bus": "yes", "highway": "bus_stop", "lit": "yes", "name": "проспект Королёва, 57", "public_transport": "platform", "shelter": "no", "tactile_paving": "no", "trolleybus": "yes"}}, {"type": "Feature", "geometry": {"type": "Point", "coordinates": [30.2378074, 60.0173257]}, "properties": {"osm_id": "node/5552764120", "bench": "yes", "bin": "yes", "bus": "yes", "highway": "bus_stop", "name": "Школа", "public_transport": "platform", "shelter": "yes"}}, {"type": "Feature", "geometry": {"type": "Point", "coordinates": [30.2551512, 59.9897009]}, "properties": {"osm_id": "node/5552769821", "bench": "yes", "bin": "yes", "highway": "bus_stop", "lit": "yes", "name": "станция метро «Старая Деревня»", "public_transport": "platform", "shelter": "yes", "tactile_paving": "yes", "trolleybus": "yes"}}, {"type": "Feature", "geometry": {"type": "Point", "coordinates": [30.2315798, 60.0225949]}, "properties": {"osm_id": "node/5552769822", "bench": "no", "bin": "yes", "bus": "yes", "highway": "bus_stop", "name": "улица Шаврова", "public_transport": "platform", "shelter": "no"}}, {"type": "Feature", "geometry": {"type": "Point", "coordinates": [30.2382459, 60.0175348]}, "properties": {"osm_id": "node/5552769824", "bench": "yes", "bin": "yes", "bus": "yes", "highway": "bus_stop", "name": "Школа", "public_transport": "platform", "shelter": "yes"}}, {"type": "Feature", "geometry": {"type": "Point", "coordinates": [30.2452545, 60.0115797]}, "properties": {"osm_id": "node/5552769825", "bench": "no", "bin": "yes", "bus": "yes", "highway": "bus_stop", "lit": "yes", "name": "Торговый центр", "public_transport": "platform", "shelter": "no", "tactile_paving": "no"}}, {"type": "Feature", "geometry": {"type": "Point", "coordinates": [30.2332581, 60.0211679]}, "properties": {"osm_id": "node/5552769826", "bench": "yes", "bin": "yes", "bus": "yes", "highway": "bus_stop", "name": "Дом детского творчества", "public_transport": "platform", "shelter": "yes"}}, {"type": "Feature", "geometry": {"type": "Point", "coordinates": [30.2334831, 60.0215839]}, "properties": {"osm_id": "node/5552769828", "bench": "yes", "bin": "yes", "bus": "yes", "highway": "bus_stop", "name": "Дом детского творчества", "public_transport": "platform", "shelter": "yes"}}, {"type": "Feature", "geometry": {"type": "Point", "coordinates": [30.2414457, 60.0149002]}, "properties": {"osm_id": "node/5552769829", "bench": "no", "bin": "no", "bus": "yes", "highway": "bus_stop", "lit": "yes", "name": "Долгоозёрная улица", "public_transport": "platform", "shelter": "no", "tactile_paving": "no"}}, {"type": "Feature", "geometry": {"type": "Point", "coordinates": [30.2322525, 60.023166]}, "properties": {"osm_id": "node/5552769830", "bench": "yes", "bin": "yes", "bus": "yes", "highway": "bus_stop", "name": "проспект Авиаконструкторов", "public_transport": "platform", "shelter": "yes", "tactile_paving": "no"}}, {"type": "Feature", "geometry": {"type": "Point", "coordinates": [30.2485214, 60.0088553]}, "properties": {"osm_id": "node/5552769831", "bench": "no", "bin": "yes", "bus": "yes", "highway": "bus_stop", "lit": "yes", "name": "проспект Авиаконструкторов", "public_transport": "platform", "shelter": "no", "tactile_paving": "no"}}, {"type": "Feature", "geometry": {"type": "Point", "coordinates": [30.2503608, 60.0601576]}, "properties": {"osm_id": "node/5640328504", "bench": "yes", "bin": "yes", "bus": "yes", "highway": "bus_stop", "name": "Суздальское шоссе", "public_transport": "platform", "request_stop": "yes", "shelter": "yes"}}, {"type": "Feature", "geometry": {"type": "Point", "coordinates": [30.2508579, 60.0607245]}, "properties": {"osm_id": "node/5640328511", "bench": "yes", "bin": "yes", "bus": "yes", "highway": "bus_stop", "name": "Суздальское шоссе", "public_transport": "platform", "shelter": "yes"}}, {"type": "Feature", "geometry": {"type": "Point", "coordinates": [30.1328673, 60.0295985]}, "properties": {"osm_id": "node/5688487807", "bench": "yes", "bin": "yes", "bus": "yes", "highway": "bus_stop", "name": "Юнтоловский проспект, угол Ивинской улицы", "public_transport": "platform", "shelter": "yes", "tactile_paving": "no"}}, {"type": "Feature", "geometry": {"type": "Point", "coordinates": [30.1311175, 60.0299882]}, "properties": {"osm_id": "node/5688487808", "bench": "yes", "bin": "yes", "bus": "yes", "highway": "bus_stop", "name": "Юнтоловский проспект, угол Ивинской улицы", "public_transport": "platform", "shelter": "yes", "tactile_paving": "no"}}, {"type": "Feature", "geometry": {"type": "Point", "coordinates": [30.1433794, 60.0288956]}, "properties": {"osm_id": "node/5818340773", "bench": "no", "bin": "yes", "bus": "yes", "highway": "bus_stop", "name": "ЖК «Юнтолово»", "public_transport": "platform", "shelter": "no"}}, {"type": "Feature", "geometry": {"type": "Point", "coordinates": [30.1152212, 60.0256384]}, "properties": {"osm_id": "node/5818352907", "bench": "no", "bus": "yes", "highway": "bus_stop", "lit": "no", "name": "Мшинский переулок", "passenger_information_display": "no", "public_transport": "platform", "shelter": "no"}}, {"type": "Feature", "geometry": {"type": "Point", "coordinates": [30.3150052, 59.9874723]}, "properties": {"osm_id": "node/5829928397", "bench": "yes", "bin": "yes", "bus": "yes", "highway": "bus_stop", "name": "Социальный фонд", "public_transport": "platform", "shelter": "yes", "surface": "asphalt", "tactile_paving": "no"}}, {"type": "Feature", "geometry": {"type": "Point", "coordinates": [30.2452923, 60.037547]}, "properties": {"osm_id": "node/5907180349", "bench": "yes", "bin": "yes", "bus": "yes", "highway": "bus_stop", "lit": "yes", "name": "улица Лидии Зверевой", "public_transport": "platform", "shelter": "yes", "tactile_paving": "no", "trolleybus": "yes"}}, {"type": "Feature", "geometry": {"type": "Point", "coordinates": [29.9740126, 60.0399631]}, "properties": {"osm_id": "node/5909974090", "bench": "yes", "bin": "yes", "bus": "yes", "highway": "bus_stop", "lit": "yes", "name": "Горская", "public_transport": "platform", "shelter": "yes", "tactile_paving": "no"}}, {"type": "Feature", "geometry": {"type": "Point", "coordinates": [30.2949454, 60.033912]}, "properties": {"osm_id": "node/6155773258", "bench": "no", "bus": "yes", "disused:public_transport": "platform", "highway": "bus_stop", "name": "Десятинный переулок", "passenger_information_display": "no", "shelter": "no"}}, {"type": "Feature", "geometry": {"type": "Point", "coordinates": [30.2989359, 60.0331216]}, "properties": {"osm_id": "node/6155773259", "bench": "no", "bus": "yes", "disused:public_transport": "platform", "highway": "bus_stop", "name": "Большая Десятинная улица", "passenger_information_display": "no", "shelter": "no"}}, {"type": "Feature", "geometry": {"type": "Point", "coordinates": [30.2995731, 60.0327227]}, "properties": {"osm_id": "node/6155773260", "bench": "no", "bus": "yes", "highway": "bus_stop", "name": "Большая Десятинная улица", "passenger_information_display": "no", "public_transport": "platform", "shelter": "no"}}, {"type": "Feature", "geometry": {"type": "Point", "coordinates": [30.2123034, 59.9918892]}, "properties": {"osm_id": "node/6260087767", "bench": "yes", "bin": "yes", "bus": "yes", "highway": "bus_stop", "lit": "yes", "name": "Поликлиника № 114", "public_transport": "platform", "shelter": "yes", "tactile_paving": "no"}}, {"type": "Feature", "geometry": {"type": "Point", "coordinates": [30.1987334, 59.9941625]}, "properties": {"osm_id": "node/6265530110", "bench": "yes", "bin": "yes", "bus": "yes", "highway": "bus_stop", "lit": "yes", "name": "Мебельная улица, 47", "public_transport": "platform", "shelter": "yes", "tactile_paving": "no"}}, {"type": "Feature", "geometry": {"type": "Point", "coordinates": [30.1969004, 59.9940902]}, "properties": {"osm_id": "node/6265530111", "bench": "yes", "bin": "yes", "bus": "yes", "highway": "bus_stop", "lit": "yes", "name": "Мебельная улица, 47", "public_transport": "platform", "shelter": "yes", "tactile_paving": "no"}}, {"type": "Feature", "geometry": {"type": "Point", "coordinates": [30.2946215, 60.0116595]}, "properties": {"osm_id": "node/6289980131", "bench": "yes", "bin": "yes", "bus": "yes", "highway": "bus_stop", "lit": "yes", "name": "аллея Котельникова", "public_transport": "platform", "shelter": "yes", "tactile_paving": "no"}}, {"type": "Feature", "geometry": {"type": "Point", "coordinates": [30.2949647, 60.0124981]}, "properties": {"osm_id": "node/6289980133", "bench": "yes", "bin": "yes", "bus": "yes", "highway": "bus_stop", "lit": "yes", "name": "аллея Котельникова", "public_transport": "platform", "shelter": "yes", "tactile_paving": "no"}}, {"type": "Feature", "geometry": {"type": "Point", "coordinates": [30.2877848, 59.9854215]}, "properties": {"osm_id": "node/6413709905", "bench": "yes", "bin": "yes", "departures_board": "no", "lit": "yes", "name": "улица Академика Шиманского", "public_transport": "platform", "shelter": "yes", "tactile_paving": "no", "tram": "yes"}}, {"type": "Feature", "geometry": {"type": "Point", "coordinates": [30.2697792, 59.9836846]}, "properties": {"osm_id": "node/6413714187", "bench": "yes", "bin": "yes", "check_date:shelter": "2025-07-12", "lit": "no", "name": "Серебряков переулок", "public_transport": "platform", "shelter": "yes", "tactile_paving": "no", "tram": "yes"}}, {"type": "Feature", "geometry": {"type": "Point", "coordinates": [30.2708232, 59.9840039]}, "properties": {"osm_id": "node/6413714188", "bench": "yes", "bin": "yes", "lit": "yes", "name": "Серебряков переулок", "public_transport": "platform", "shelter": "yes", "tactile_paving": "no", "tram": "yes"}}, {"type": "Feature", "geometry": {"type": "Point", "coordinates": [30.2568448, 59.9842165]}, "properties": {"osm_id": "node/6415680790", "bench": "yes", "bin": "yes", "lit": "yes", "name": "ЦПКиО", "public_transport": "platform", "shelter": "yes", "tactile_paving": "no", "tram": "yes"}}, {"type": "Feature", "geometry": {"type": "Point", "coordinates": [30.0392416, 60.0065775]}, "properties": {"osm_id": "node/6572559665", "bench": "yes", "bus": "yes", "highway": "bus_stop", "name": "Природный заказник", "public_transport": "platform", "shelter": "yes"}}, {"type": "Feature", "geometry": {"type": "Point", "coordinates": [30.2252873, 60.0371945]}, "properties": {"osm_id": "node/6602239460", "bench": "yes", "bin": "yes", "bus": "yes", "highway": "bus_stop", "lit": "yes", "name": "Плесецкая улица", "public_transport": "platform", "shelter": "yes", "tactile_paving": "no", "trolleybus": "yes"}}, {"type": "Feature", "geometry": {"type": "Point", "coordinates": [30.2260307, 60.0359287]}, "properties": {"osm_id": "node/6602239461", "bench": "yes", "bin": "yes", "bus": "yes", "highway": "bus_stop", "lit": "yes", "name": "Плесецкая улица", "public_transport": "platform", "shelter": "yes", "tactile_paving": "no", "trolleybus": "yes"}}, {"type": "Feature", "geometry": {"type": "Point", "coordinates": [30.2358205, 60.0363953]}, "properties": {"osm_id": "node/6602268404", "bench": "yes", "bin": "yes", "bus": "yes", "departures_board": "yes", "highway": "bus_stop", "name": "Глухарская улица", "public_transport": "platform", "shelter": "yes", "trolleybus": "yes"}}, {"type": "Feature", "geometry": {"type": "Point", "coordinates": [30.2216188, 60.0403112]}, "properties": {"osm_id": "node/6746899121", "bench": "yes", "bin": "yes", "bus": "yes", "highway": "bus_stop", "name": "Арцеуловская аллея", "public_transport": "platform", "shelter": "yes", "tactile_paving": "no", "trolleybus": "yes"}}, {"type": "Feature", "geometry": {"type": "Point", "coordinates": [30.2223036, 60.039066]}, "properties": {"osm_id": "node/6746899122", "bench": "yes", "bin": "yes", "bus": "yes", "highway": "bus_stop", "name": "Арцеуловская аллея", "public_transport": "platform", "shelter": "yes", "tactile_paving": "no", "trolleybus": "yes"}}, {"type": "Feature", "geometry": {"type": "Point", "coordinates": [30.2283552, 60.033953]}, "properties": {"osm_id": "node/6746907326", "bench": "yes", "bin": "yes", "bus": "yes", "highway": "bus_stop", "name": "Глухарская улица", "public_transport": "platform", "shelter": "yes", "trolleybus": "yes"}}, {"type": "Feature", "geometry": {"type": "Point", "coordinates": [30.2317153, 60.0317566]}, "properties": {"osm_id": "node/6746907341", "bench": "yes", "bin": "yes", "bus": "yes", "highway": "bus_stop", "name": "Комендантский проспект, 54", "public_transport": "platform", "shelter": "yes", "trolleybus": "yes"}}, {"type": "Feature", "geometry": {"type": "Point", "coordinates": [30.2319075, 60.0309731]}, "properties": {"osm_id": "node/6746951342", "bench": "yes", "bin": "yes", "bus": "yes", "highway": "bus_stop", "name": "Комендантский проспект, 54", "public_transport": "platform", "shelter": "yes", "trolleybus": "yes"}}, {"type": "Feature", "geometry": {"type": "Point", "coordinates": [30.2313635, 60.0233632]}, "properties": {"osm_id": "node/6751118607", "bench": "no", "bin": "yes", "bus": "yes", "highway": "bus_stop", "name": "улица Шаврова", "public_transport": "platform", "shelter": "no", "tactile_paving": "no"}}, {"type": "Feature", "geometry": {"type": "Point", "coordinates": [30.260256, 60.0007305]}, "properties": {"osm_id": "node/6764196430", "bench": "yes", "bin": "yes", "bus": "yes", "departures_board": "timetable", "highway": "bus_stop", "lit": "yes", "name": "Серафимовское кладбище", "name:en": "Serafimovskoe kladbishe", "name:ru": "Серафимовское кладбище", "public_transport": "platform", "shelter": "yes", "tactile_paving": "no", "trolleybus": "yes"}}, {"type": "Feature", "geometry": {"type": "Point", "coordinates": [30.2534687, 59.9944289]}, "properties": {"osm_id": "node/6790936185", "bench": "yes", "bin": "yes", "bus": "yes", "highway": "bus_stop", "name": "улица Оптиков", "public_transport": "platform", "shelter": "yes", "tactile_paving": "no", "wheelchair": "yes"}}, {"type": "Feature", "geometry": {"type": "Point", "coordinates": [30.248997, 59.984369]}, "properties": {"osm_id": "node/7295099058", "name": "Горохов переулок", "public_transport": "stop_position", "railway": "tram_stop", "tram": "yes"}}, {"type": "Feature", "geometry": {"type": "Point", "coordinates": [30.2946683, 59.9856928]}, "properties": {"osm_id": "node/7295162918", "bench": "no", "bin": "no", "name": "Карельский переулок", "public_transport": "platform", "shelter": "no", "tactile_paving": "no", "tram": "yes"}}, {"type": "Feature", "geometry": {"type": "Point", "coordinates": [30.2946412, 59.985794]}, "properties": {"osm_id": "node/7295162919", "name": "Карельский переулок", "public_transport": "stop_position", "railway": "tram_stop", "tram": "yes"}}, {"type": "Feature", "geometry": {"type": "Point", "coordinates": [30.2601376, 60.0156604]}, "properties": {"osm_id": "node/8072597811", "bench": "no", "bin": "no", "bus": "yes", "highway": "bus_stop", "lit": "yes", "name": "Ольховая улица", "public_transport": "platform", "shelter": "no", "tactile_paving": "yes", "trolleybus": "yes"}}, {"type": "Feature", "geometry": {"type": "Point", "coordinates": [30.2154896, 60.0249961]}, "properties": {"osm_id": "node/8073005309", "bench": "yes", "bin": "yes", "bus": "yes", "highway": "bus_stop", "name": "Планерная улица, 71", "public_transport": "platform", "shelter": "yes", "tactile_paving": "no"}}, {"type": "Feature", "geometry": {"type": "Point", "coordinates": [30.2226082, 60.0224809]}, "properties": {"osm_id": "node/8073025145", "bench": "yes", "bin": "yes", "bus": "yes", "highway": "bus_stop", "lit": "no", "name": "Планерная улица", "public_transport": "platform", "shelter": "yes", "tactile_paving": "no"}}, {"type": "Feature", "geometry": {"type": "Point", "coordinates": [30.2678449, 60.027496]}, "properties": {"osm_id": "node/8073989150", "bench": "yes", "bin": "yes", "bus": "yes", "highway": "bus_stop", "name": "Автобусный парк № 2", "public_transport": "platform", "shelter": "yes"}}, {"type": "Feature", "geometry": {"type": "Point", "coordinates": [30.2818125, 60.0049336]}, "properties": {"osm_id": "node/8074270351", "bench": "yes", "bin": "yes", "bus": "yes", "highway": "bus_stop", "lit": "yes", "name": "проспект Испытателей, угол Серебристого бульвара", "public_transport": "platform", "shelter": "yes", "tactile_paving": "no"}}, {"type": "Feature", "geometry": {"type": "Point", "coordinates": [30.2989089, 60.0242416]}, "properties": {"osm_id": "node/8075708003", "bench": "yes", "bin": "yes", "bus": "yes", "highway": "bus_stop", "lit": "yes", "name": "Новоколомяжский проспект", "public_transport": "platform", "shelter": "yes", "tactile_paving": "no"}}, {"type": "Feature", "geometry": {"type": "Point", "coordinates": [30.270723, 60.0184753]}, "properties": {"osm_id": "node/8079155281", "bench": "no", "bin": "yes", "bus": "yes", "highway": "bus_stop", "lit": "yes", "name": "улица Маршала Новикова", "public_transport": "platform", "shelter": "no", "tactile_paving": "no"}}, {"type": "Feature", "geometry": {"type": "Point", "coordinates": [30.254517, 60.0318265]}, "properties": {"osm_id": "node/8079155285", "bench": "yes", "bin": "yes", "bus": "yes", "highway": "bus_stop", "name": "Шуваловский проспект", "public_transport": "platform", "shelter": "yes", "tactile_paving": "no"}}, {"type": "Feature", "geometry": {"type": "Point", "coordinates": [30.254399, 60.0322546]}, "properties": {"osm_id": "node/8079155299", "bench": "no", "bin": "yes", "bus": "yes", "highway": "bus_stop", "name": "Шуваловский проспект", "public_transport": "platform", "shelter": "no", "tactile_paving": "no"}}, {"type": "Feature", "geometry": {"type": "Point", "coordinates": [30.2613996, 60.0291756]}, "properties": {"osm_id": "node/8079160046", "bench": "no", "bin": "yes", "bus": "yes", "highway": "bus_stop", "name": "Макулатурный проезд", "public_transport": "platform", "shelter": "no", "tactile_paving": "no"}}, {"type": "Feature", "geometry": {"type": "Point", "coordinates": [30.2616785, 60.0292774]}, "properties": {"osm_id": "node/8079160052", "bench": "no", "bin": "yes", "bus": "yes", "highway": "bus_stop", "name": "Макулатурный проезд", "public_transport": "platform", "shelter": "no", "tactile_paving": "no"}}, {"type": "Feature", "geometry": {"type": "Point", "coordinates": [30.2327697, 60.0476393]}, "properties": {"osm_id": "node/8079280032", "bench": "yes", "bin": "yes", "bus": "yes", "highway": "bus_stop", "name": "улица Лётчика Паршина", "public_transport": "platform", "shelter": "yes", "tactile_paving": "no"}}, {"type": "Feature", "geometry": {"type": "Point", "coordinates": [29.9849135, 60.0332835]}, "properties": {"osm_id": "node/8127834927", "bench": "yes", "bin": "yes", "bus": "yes", "highway": "bus_stop", "name": "Горское кладбище", "public_transport": "platform", "shelter": "yes"}}, {"type": "Feature", "geometry": {"type": "Point", "coordinates": [30.2351475, 59.9976999]}, "properties": {"osm_id": "node/8127907654", "bench": "yes", "bin": "yes", "bus": "yes", "highway": "bus_stop", "name": "улица Оптиков, угол Планерной улицы", "public_transport": "platform", "shelter": "yes", "trolleybus": "yes"}}, {"type": "Feature", "geometry": {"type": "Point", "coordinates": [30.242773, 60.0089614]}, "properties": {"osm_id": "node/8128142048", "bench": "yes", "bin": "yes", "bus": "yes", "highway": "bus_stop", "name": "улица Ильюшина, 11", "public_transport": "platform", "shelter": "yes"}}, {"type": "Feature", "geometry": {"type": "Point", "coordinates": [30.2415499, 60.0094702]}, "properties": {"osm_id": "node/8128142055", "bench": "yes", "bin": "yes", "bus": "yes", "highway": "bus_stop", "name": "улица Ильюшина, 11", "public_transport": "platform", "shelter": "yes"}}, {"type": "Feature", "geometry": {"type": "Point", "coordinates": [30.2361426, 60.0098054]}, "properties": {"osm_id": "node/8128142057", "bench": "yes", "bin": "yes", "bus": "yes", "highway": "bus_stop", "lit": "yes", "name": "улица Ильюшина", "public_transport": "platform", "shelter": "yes", "tactile_paving": "no"}}, {"type": "Feature", "geometry": {"type": "Point", "coordinates": [30.22603, 60.0082884]}, "properties": {"osm_id": "node/8128142066", "bench": "yes", "bin": "yes", "bus": "yes", "highway": "bus_stop", "lit": "yes", "name": "Яхтенная улица, угол Камышовой улицы", "public_transport": "platform", "shelter": "yes", "tactile_paving": "no"}}, {"type": "Feature", "geometry": {"type": "Point", "coordinates": [30.2251535, 60.0056791]}, "properties": {"osm_id": "node/8128142067", "bench": "yes", "bin": "yes", "bus": "yes", "highway": "bus_stop", "lit": "yes", "name": "Яхтенная улица, угол Богатырского проспекта", "public_transport": "platform", "shelter": "yes", "tactile_paving": "no"}}, {"type": "Feature", "geometry": {"type": "Point", "coordinates": [30.1975912, 60.0061068]}, "properties": {"osm_id": "node/8128142073", "bench": "yes", "bin": "yes", "bus": "yes", "highway": "bus_stop", "lit": "no", "name": "Шуваловский проспект, 72", "public_transport": "platform", "shelter": "yes", "tactile_paving": "no", "trolleybus": "yes"}}, {"type": "Feature", "geometry": {"type": "Point", "coordinates": [30.2438432, 59.9978716]}, "properties": {"osm_id": "node/8128379450", "bench": "yes", "bin": "yes", "bus": "yes", "highway": "bus_stop", "name": "Ситцевая улица", "public_transport": "platform", "shelter": "yes", "trolleybus": "yes"}}, {"type": "Feature", "geometry": {"type": "Point", "coordinates": [30.2446077, 59.9973874]}, "properties": {"osm_id": "node/8128379451", "bench": "yes", "bin": "yes", "bus": "yes", "highway": "bus_stop", "name": "Стародеревенская улица, угол улицы Оптиков", "public_transport": "platform", "shelter": "yes"}}, {"type": "Feature", "geometry": {"type": "Point", "coordinates": [30.1262967, 60.032554]}, "properties": {"osm_id": "node/8129311186", "bench": "yes", "bin": "yes", "bus": "yes", "highway": "bus_stop", "name": "Ивинская улица", "public_transport": "platform", "shelter": "yes", "tactile_paving": "no"}}, {"type": "Feature", "geometry": {"type": "Point", "coordinates": [30.1095906, 60.0191307]}, "properties": {"osm_id": "node/8129322119", "bus": "yes", "highway": "bus_stop", "name": "3-я Конная Лахта, 40", "public_transport": "platform"}}, {"type": "Feature", "geometry": {"type": "Point", "coordinates": [30.1119499, 60.0150018]}, "properties": {"osm_id": "node/8129322120", "bench": "yes", "bin": "yes", "bus": "yes", "highway": "bus_stop", "lit": "no", "name": "Коллективный сад имени Климова", "public_transport": "platform", "shelter": "yes", "tactile_paving": "no"}}, {"type": "Feature", "geometry": {"type": "Point", "coordinates": [30.1171611, 60.0095714]}, "properties": {"osm_id": "node/8129322125", "bench": "yes", "bin": "yes", "bus": "yes", "highway": "bus_stop", "name": "2-я Конная Лахта", "public_transport": "platform", "shelter": "yes"}}, {"type": "Feature", "geometry": {"type": "Point", "coordinates": [30.2278442, 60.0529869]}, "properties": {"osm_id": "node/8325930683", "bench": "yes", "bin": "yes", "bus": "yes", "highway": "bus_stop", "lit": "yes", "name": "Парашютная улица", "public_transport": "platform", "request_stop": "yes", "shelter": "yes", "tactile_paving": "no"}}, {"type": "Feature", "geometry": {"type": "Point", "coordinates": [30.2324706, 60.0485967]}, "properties": {"osm_id": "node/8328385642", "bench": "yes", "bin": "yes", "bus": "yes", "highway": "bus_stop", "name": "улица Лётчика Паршина", "public_transport": "platform", "shelter": "yes"}}, {"type": "Feature", "geometry": {"type": "Point", "coordinates": [30.2359602, 60.0033258]}, "properties": {"osm_id": "node/8328385644", "bench": "no", "bin": "no", "bus": "yes", "highway": "bus_stop", "lit": "yes", "name": "Планерная улица", "public_transport": "platform", "shelter": "no", "tactile_paving": "no", "trolleybus": "yes"}}, {"type": "Feature", "geometry": {"type": "Point", "coordinates": [30.2253963, 60.0048927]}, "properties": {"osm_id": "node/8328385645", "bench": "no", "bin": "yes", "bus": "yes", "highway": "bus_stop", "lit": "yes", "name": "Богатырский проспект, угол Яхтенной улицы", "public_transport": "platform", "shelter": "no", "tactile_paving": "no", "trolleybus": "yes"}}, {"type": "Feature", "geometry": {"type": "Point", "coordinates": [30.2291581, 59.9984738]}, "properties": {"osm_id": "node/8458267408", "bench": "yes", "bin": "yes", "bus": "yes", "highway": "bus_stop", "name": "улица Оптиков, 22", "public_transport": "platform", "shelter": "yes", "trolleybus": "yes"}}, {"type": "Feature", "geometry": {"type": "Point", "coordinates": [30.2356048, 60.0043101]}, "properties": {"osm_id": "node/8458267413", "bench": "no", "bin": "no", "bus": "yes", "highway": "bus_stop", "lit": "yes", "name": "Богатырский проспект", "public_transport": "platform", "shelter": "no", "tactile_paving": "no"}}, {"type": "Feature", "geometry": {"type": "Point", "coordinates": [30.1958843, 59.9909999]}, "properties": {"osm_id": "node/8458315918", "bench": "yes", "bin": "yes", "bus": "yes", "highway": "bus_stop", "name": "Школьная улица, 128", "public_transport": "platform", "shelter": "yes"}}, {"type": "Feature", "geometry": {"type": "Point", "coordinates": [30.2011104, 59.9849763]}, "properties": {"osm_id": "node/8458609385", "bench": "no", "bin": "no", "bus": "yes", "highway": "bus_stop", "name": "Парк 300-летия Санкт-Петербурга", "old_name": "Туристская улица", "public_transport": "platform", "shelter": "no"}}, {"type": "Feature", "geometry": {"type": "Point", "coordinates": [30.2053843, 59.984088]}, "properties": {"osm_id": "node/8458609399", "bench": "yes", "bin": "yes", "bus": "yes", "highway": "bus_stop", "name": "Приморский проспект, 147", "public_transport": "platform", "shelter": "yes", "tactile_paving": "no"}}, {"type": "Feature", "geometry": {"type": "Point", "coordinates": [30.2350094, 60.0032473]}, "properties": {"osm_id": "node/8459103023", "bench": "no", "bin": "yes", "bus": "yes", "highway": "bus_stop", "lit": "yes", "name": "Планерная улица, угол Богатырского проспекта", "public_transport": "platform", "shelter": "no", "tactile_paving": "no"}}, {"type": "Feature", "geometry": {"type": "Point", "coordinates": [30.2399972, 60.0328562]}, "properties": {"osm_id": "node/8668585573", "bench": "yes", "bin": "yes", "bus": "yes", "departures_board": "yes", "highway": "bus_stop", "lit": "yes", "name": "проспект Королёва, 69", "public_transport": "platform", "shelter": "yes", "tactile_paving": "no", "trolleybus": "yes"}}, {"type": "Feature", "geometry": {"type": "Point", "coordinates": [30.2399293, 60.033622]}, "properties": {"osm_id": "node/8668585574", "bench": "yes", "bin": "yes", "bus": "yes", "departures_board": "yes", "highway": "bus_stop", "lit": "yes", "name": "проспект Королёва, 69", "public_transport": "platform", "shelter": "yes", "tactile_paving": "no", "trolleybus": "yes"}}, {"type": "Feature", "geometry": {"type": "Point", "coordinates": [30.281661, 60.0014598]}, "properties": {"osm_id": "node/8747731418", "bench": "yes", "bin": "yes", "bus": "yes", "check_date:lit": "2023-01-14", "highway": "bus_stop", "lit": "no", "name": "Серебристый бульвар, 13", "public_transport": "platform", "shelter": "yes", "tactile_paving": "no"}}, {"type": "Feature", "geometry": {"type": "Point", "coordinates": [30.234375, 60.0117279]}, "properties": {"osm_id": "node/8747731421", "bench": "yes", "bin": "yes", "bus": "yes", "highway": "bus_stop", "lit": "yes", "name": "Долгоозёрная улица", "public_transport": "platform", "shelter": "yes", "tactile_paving": "no"}}, {"type": "Feature", "geometry": {"type": "Point", "coordinates": [30.2254513, 60.0199852]}, "properties": {"osm_id": "node/8747731425", "bench": "yes", "bin": "yes", "bus": "yes", "highway": "bus_stop", "lit": "no", "name": "улица Шаврова", "public_transport": "platform", "shelter": "yes", "tactile_paving": "no"}}, {"type": "Feature", "geometry": {"type": "Point", "coordinates": [30.2244321, 60.0205256]}, "properties": {"osm_id": "node/8747731428", "bench": "yes", "bin": "yes", "bus": "yes", "highway": "bus_stop", "name": "улица Шаврова", "public_transport": "platform", "shelter": "yes", "tactile_paving": "no"}}, {"type": "Feature", "geometry": {"type": "Point", "coordinates": [30.2620339, 60.0001371]}, "properties": {"osm_id": "node/8747766450", "bench": "yes", "bin": "yes", "bus": "yes", "departures_board": "timetable", "highway": "bus_stop", "lit": "yes", "name": "Серафимовское кладбище", "name:en": "Serafimovskoe kladbishe", "name:ru": "Серафимовское кладбище", "public_transport": "platform", "shelter": "yes", "tactile_paving": "no", "trolleybus": "yes"}}, {"type": "Feature", "geometry": {"type": "Point", "coordinates": [30.2979702, 60.0040177]}, "properties": {"osm_id": "node/8758922757", "bench": "yes", "bin": "yes", "bus": "yes", "highway": "bus_stop", "lit": "yes", "name": "станция метро «Пионерская»", "public_transport": "platform", "shelter": "yes", "tactile_paving": "no", "trolleybus": "yes"}}, {"type": "Feature", "geometry": {"type": "Point", "coordinates": [30.2977663, 60.002139]}, "properties": {"osm_id": "node/8758922759", "bench": "yes", "bin": "yes", "bus": "yes", "highway": "bus_stop", "lit": "yes", "name": "станция метро «Пионерская»", "name:ru": "станция метро «Пионерская»", "public_transport": "platform", "shelter": "yes", "tactile_paving": "no", "trolleybus": "yes", "wheelchair": "yes"}}, {"type": "Feature", "geometry": {"type": "Point", "coordinates": [30.2447364, 59.9989908]}, "properties": {"osm_id": "node/8793117956", "bench": "yes", "bin": "yes", "bus": "yes", "highway": "bus_stop", "lit": "no", "name": "Ситцевая улица", "public_transport": "platform", "shelter": "yes", "tactile_paving": "no"}}, {"type": "Feature", "geometry": {"type": "Point", "coordinates": [30.2179071, 60.036159]}, "properties": {"osm_id": "node/8893103894", "bench": "yes", "bin": "yes", "highway": "bus_stop", "shelter": "yes"}}, {"type": "Feature", "geometry": {"type": "Point", "coordinates": [30.3221555, 59.9964384]}, "properties": {"osm_id": "node/8961863527", "bench": "yes", "bin": "yes", "bus": "yes", "highway": "bus_stop", "lit": "yes", "name": "Студенческая улица", "public_transport": "platform", "shelter": "yes", "tactile_paving": "no", "trolleybus": "yes"}}, {"type": "Feature", "geometry": {"type": "Point", "coordinates": [30.2831376, 59.9950617]}, "properties": {"osm_id": "node/9161698426", "bench": "yes", "bin": "yes", "highway": "bus_stop", "name": "Серебристый бульвар, 1", "public_transport": "platform", "shelter": "yes", "trolleybus": "yes"}}, {"type": "Feature", "geometry": {"type": "Point", "coordinates": [30.2525533, 59.9906455]}, "properties": {"osm_id": "node/9166104375", "bench": "no", "bin": "yes", "bus": "yes", "highway": "bus_stop", "lit": "yes", "name": "станция метро «Старая Деревня»", "public_transport": "platform", "shelter": "no", "tactile_paving": "no"}}, {"type": "Feature", "geometry": {"type": "Point", "coordinates": [30.3090551, 59.9883617]}, "properties": {"osm_id": "node/9228265871", "bench": "no", "bin": "no", "lit": "yes", "name": "Новосибирская улица", "public_transport": "platform", "shelter": "no", "tactile_paving": "no", "tram": "yes"}}, {"type": "Feature", "geometry": {"type": "Point", "coordinates": [30.3214918, 59.99253]}, "properties": {"osm_id": "node/9228282336", "alt_name": "Торжковская улица, угол Омской улицы", "bench": "no", "bin": "yes", "bus": "yes", "highway": "bus_stop", "lit": "yes", "name": "Омская улица", "public_transport": "platform", "shelter": "no", "tactile_paving": "no", "tram": "yes"}}, {"type": "Feature", "geometry": {"type": "Point", "coordinates": [30.2972493, 59.9862228]}, "properties": {"osm_id": "node/9228342589", "bench": "no", "bin": "yes", "lit": "yes", "name": "станция метро «Чёрная речка»", "public_transport": "platform", "shelter": "no", "tactile_paving": "no", "tram": "yes"}}, {"type": "Feature", "geometry": {"type": "Point", "coordinates": [30.3000783, 59.9864479]}, "properties": {"osm_id": "node/9228342590", "bench": "yes", "bin": "yes", "lit": "yes", "name": "станция метро «Чёрная речка»", "public_transport": "platform", "shelter": "yes", "tactile_paving": "no", "tram": "yes"}}, {"type": "Feature", "geometry": {"type": "Point", "coordinates": [30.2540151, 59.9856766]}, "properties": {"osm_id": "node/9231175385", "name": "Администрация Приморского района", "public_transport": "platform", "tram": "yes", "wheelchair": "limited"}}, {"type": "Feature", "geometry": {"type": "Point", "coordinates": [30.2542067, 59.9847906]}, "properties": {"osm_id": "node/9231175388", "bench": "no", "bin": "yes", "name": "Администрация Приморского района", "public_transport": "platform", "shelter": "no", "tactile_paving": "no", "tram": "yes", "wheelchair": "limited"}}, {"type": "Feature", "geometry": {"type": "Point", "coordinates": [30.2532618, 59.9878541]}, "properties": {"osm_id": "node/9231175395", "bench": "yes", "bin": "yes", "lit": "yes", "name": "железнодорожная платформа «Старая Деревня»", "public_transport": "platform", "shelter": "yes", "tactile_paving": "no", "tram": "yes", "wheelchair": "limited"}}, {"type": "Feature", "geometry": {"type": "Point", "coordinates": [30.2781282, 59.9846371]}, "properties": {"osm_id": "node/9231188796", "bench": "yes", "bin": "yes", "lit": "yes", "name": "улица Оскаленко", "public_transport": "platform", "shelter": "yes", "tactile_paving": "no", "tram": "yes"}}, {"type": "Feature", "geometry": {"type": "Point", "coordinates": [30.2649324, 59.9840116]}, "properties": {"osm_id": "node/9231204605", "bench": "yes", "bin": "yes", "lit": "yes", "name": "улица Покрышева", "public_transport": "platform", "shelter": "yes", "tactile_paving": "no", "tram": "yes"}}, {"type": "Feature", "geometry": {"type": "Point", "coordinates": [30.2558085, 59.9840961]}, "properties": {"osm_id": "node/9231204607", "bench": "yes", "bin": "yes", "lit": "yes", "name": "ЦПКиО", "public_transport": "platform", "shelter": "yes", "tactile_paving": "no", "tram": "yes"}}, {"type": "Feature", "geometry": {"type": "Point", "coordinates": [30.2178692, 60.0342479]}, "properties": {"osm_id": "node/9330594470", "bench": "yes", "bin": "yes", "bus": "yes", "highway": "bus_stop", "name": "Нижне-Каменская улица", "public_transport": "platform", "shelter": "yes"}}, {"type": "Feature", "geometry": {"type": "Point", "coordinates": [30.2753577, 59.9987698]}, "properties": {"osm_id": "node/9360110394", "bench": "yes", "bin": "no", "bus": "yes", "highway": "bus_stop", "lit": "yes", "name": "Байконурская улица", "public_transport": "platform", "shelter": "yes", "tactile_paving": "no", "trolleybus": "yes"}}, {"type": "Feature", "geometry": {"type": "Point", "coordinates": [30.2892158, 60.0271364]}, "properties": {"osm_id": "node/9677881445", "bench": "yes", "bus": "yes", "highway": "bus_stop", "name": "Земский переулок", "public_transport": "platform", "shelter": "yes"}}, {"type": "Feature", "geometry": {"type": "Point", "coordinates": [30.2101521, 60.0017168]}, "properties": {"osm_id": "node/9686479891", "bench": "yes", "bin": "yes", "bus": "yes", "highway": "bus_stop", "lit": "yes", "name": "Туристская улица", "public_transport": "platform", "shelter": "yes", "tactile_paving": "no"}}, {"type": "Feature", "geometry": {"type": "Point", "coordinates": [30.2130131, 60.0072094]}, "properties": {"osm_id": "node/9686479893", "bench": "no", "bin": "yes", "bus": "yes", "disused:public_transport": "platform", "highway": "bus_stop", "name": "Туристская улица", "shelter": "no"}}, {"type": "Feature", "geometry": {"type": "Point", "coordinates": [30.2432782, 59.9969734]}, "properties": {"osm_id": "node/9686479895", "bench": "no", "bin": "no", "bus": "yes", "highway": "bus_stop", "name": "Стародеревенская улица", "public_transport": "platform", "shelter": "no", "trolleybus": "yes"}}, {"type": "Feature", "geometry": {"type": "Point", "coordinates": [30.2192716, 59.9943379]}, "properties": {"osm_id": "node/9693499788", "bench": "no", "bin": "no", "bus": "yes", "highway": "bus_stop", "lit": "yes", "name": "железнодорожная платформа «Яхтенная»", "public_transport": "platform", "shelter": "no", "tactile_paving": "no"}}, {"type": "Feature", "geometry": {"type": "Point", "coordinates": [30.2035394, 59.9896496]}, "properties": {"osm_id": "node/9701769439", "bench": "yes", "bus": "yes", "highway": "bus_stop", "name": "ТЦ «Меркурий»", "public_transport": "platform", "shelter": "yes"}}, {"type": "Feature", "geometry": {"type": "Point", "coordinates": [30.1366368, 60.0309851]}, "properties": {"osm_id": "node/9703220661", "bench": "yes", "bin": "yes", "bus": "yes", "highway": "bus_stop", "name": "Юнтоловский проспект, 43", "public_transport": "platform", "shelter": "yes"}}, {"type": "Feature", "geometry": {"type": "Point", "coordinates": [30.1156925, 60.0260741]}, "properties": {"osm_id": "node/9703220663", "bus": "yes", "highway": "bus_stop", "name": "Мшинский переулок", "public_transport": "platform"}}, {"type": "Feature", "geometry": {"type": "Point", "coordinates": [30.1080515, 60.0217285]}, "properties": {"osm_id": "node/9703220665", "bench": "no", "bin": "no", "bus": "yes", "highway": "bus_stop", "name": "Коллективный сад «Северный»", "public_transport": "platform", "request_stop": "yes", "shelter": "no"}}, {"type": "Feature", "geometry": {"type": "Point", "coordinates": [30.2135652, 59.9834209]}, "properties": {"osm_id": "node/9703220667", "bench": "no", "bin": "no", "bus": "yes", "highway": "bus_stop", "lit": "yes", "name": "Яхтенная улица, угол Приморского проспекта", "public_transport": "platform", "shelter": "no", "tactile_paving": "no"}}, {"type": "Feature", "geometry": {"type": "Point", "coordinates": [30.1358608, 60.0310725]}, "properties": {"osm_id": "node/9703220670", "bench": "yes", "bin": "yes", "bus": "yes", "highway": "bus_stop", "name": "Юнтоловский проспект, 43", "public_transport": "platform", "shelter": "yes"}}, {"type": "Feature", "geometry": {"type": "Point", "coordinates": [30.295359, 60.0288406]}, "properties": {"osm_id": "node/9703492003", "bench": "no", "bin": "no", "bus": "yes", "highway": "bus_stop", "lit": "yes", "name": "улица Щербакова", "public_transport": "platform", "shelter": "no", "tactile_paving": "no"}}, {"type": "Feature", "geometry": {"type": "Point", "coordinates": [30.2975664, 60.0248118]}, "properties": {"osm_id": "node/9703698959", "bench": "no", "bin": "no", "bus": "yes", "highway": "bus_stop", "lit": "no", "name": "Новоколомяжский проспект", "public_transport": "platform", "shelter": "yes", "tactile_paving": "no"}}, {"type": "Feature", "geometry": {"type": "Point", "coordinates": [30.2857427, 60.0229608]}, "properties": {"osm_id": "node/9703698961", "bench": "yes", "bin": "yes", "bus": "yes", "highway": "bus_stop", "name": "Вербная улица, 10", "public_transport": "platform", "shelter": "yes"}}, {"type": "Feature", "geometry": {"type": "Point", "coordinates": [30.3020782, 60.0261447]}, "properties": {"osm_id": "node/9703698963", "bench": "no", "bin": "no", "bus": "yes", "highway": "bus_stop", "lit": "yes", "name": "Вербная улица", "public_transport": "platform", "shelter": "no"}}, {"type": "Feature", "geometry": {"type": "Point", "coordinates": [30.2940215, 60.0321831]}, "properties": {"osm_id": "node/9703698965", "bench": "yes", "bin": "no", "bus": "yes", "highway": "bus_stop", "lit": "yes", "name": "Афанасьевская улица", "public_transport": "platform", "shelter": "yes", "tactile_paving": "no"}}, {"type": "Feature", "geometry": {"type": "Point", "coordinates": [30.1900419, 59.989236]}, "properties": {"osm_id": "node/9703698967", "bench": "yes", "bin": "yes", "bus": "yes", "highway": "bus_stop", "name": "Приморский проспект, 169", "public_transport": "platform", "shelter": "yes"}}, {"type": "Feature", "geometry": {"type": "Point", "coordinates": [30.2652043, 60.0211746]}, "properties": {"osm_id": "node/9796673919", "bench": "no", "bin": "no", "bus": "yes", "highway": "bus_stop", "name": "Долгоозёрная улица", "public_transport": "platform", "shelter": "no", "tactile_paving": "no"}}, {"type": "Feature", "geometry": {"type": "Point", "coordinates": [30.2737123, 60.0242108]}, "properties": {"osm_id": "node/9796673921", "bench": "no", "bin": "yes", "bus": "yes", "highway": "bus_stop", "name": "Долгоозёрная улица, угол Вербной улицы", "public_transport": "platform", "shelter": "no"}}, {"type": "Feature", "geometry": {"type": "Point", "coordinates": [30.2446935, 60.0114484]}, "properties": {"osm_id": "node/9801429056", "bench": "yes", "bus": "yes", "highway": "bus_stop", "name": "Торговый центр", "public_transport": "platform", "shelter": "yes"}}, {"type": "Feature", "geometry": {"type": "Point", "coordinates": [30.2097373, 60.0275348]}, "properties": {"osm_id": "node/9893124202", "bench": "yes", "bus": "yes", "highway": "bus_stop", "name": "Глухарская улица", "public_transport": "platform", "shelter": "yes"}}, {"type": "Feature", "geometry": {"type": "Point", "coordinates": [30.2355818, 60.0373609]}, "properties": {"osm_id": "node/9894031356", "bench": "yes", "bin": "yes", "bus": "yes", "highway": "bus_stop", "name": "Глухарская улица", "public_transport": "platform", "shelter": "yes", "trolleybus": "yes"}}, {"type": "Feature", "geometry": {"type": "Point", "coordinates": [30.3048822, 60.0161343]}, "properties": {"osm_id": "node/9899372840", "bench": "no", "bin": "no", "bus": "yes", "highway": "bus_stop", "lit": "yes", "name": "Центр имени Алмазова, по требованию", "note": "по требованию введено с 08.08 организатором перевозок. подробнее здесь - http://orgp.spb.ru/2022-186/", "public_transport": "platform", "request_stop": "yes", "shelter": "no", "tactile_paving": "no"}}, {"type": "Feature", "geometry": {"type": "Point", "coordinates": [30.2868733, 60.0276779]}, "properties": {"osm_id": "node/9899372842", "bench": "yes", "bin": "yes", "bus": "yes", "highway": "bus_stop", "name": "улица Щербакова", "public_transport": "platform", "shelter": "yes"}}, {"type": "Feature", "geometry": {"type": "Point", "coordinates": [30.2912539, 60.0238671]}, "properties": {"osm_id": "node/9899372844", "bench": "yes", "bin": "yes", "bus": "yes", "highway": "bus_stop", "lit": "yes", "name": "Земский переулок", "public_transport": "platform", "shelter": "yes", "tactile_paving": "yes"}}, {"type": "Feature", "geometry": {"type": "Point", "coordinates": [30.218904, 60.0057441]}, "properties": {"osm_id": "node/9899762114", "bench": "yes", "bus": "yes", "highway": "bus_stop", "name": "Богатырский проспект, 50", "public_transport": "platform", "shelter": "yes", "trolleybus": "yes"}}, {"type": "Feature", "geometry": {"type": "Point", "coordinates": [30.2177717, 60.0062053]}, "properties": {"osm_id": "node/9899762116", "bench": "yes", "bin": "no", "bus": "yes", "highway": "bus_stop", "name": "Богатырский проспект, 50", "public_transport": "platform", "shelter": "yes", "trolleybus": "yes"}}, {"type": "Feature", "geometry": {"type": "Point", "coordinates": [30.3256973, 59.9936289]}, "properties": {"osm_id": "node/9922080808", "bench": "no", "bin": "no", "bus": "yes", "highway": "bus_stop", "lit": "yes", "name": "Сердобольская улица", "public_transport": "platform", "shelter": "no", "tactile_paving": "no"}}, {"type": "Feature", "geometry": {"type": "Point", "coordinates": [30.2793496, 60.0175749]}, "properties": {"osm_id": "node/9926530777", "bench": "no", "bin": "no", "bus": "yes", "highway": "bus_stop", "lit": "yes", "name": "Репищева улица", "public_transport": "platform", "shelter": "no", "tactile_paving": "no"}}, {"type": "Feature", "geometry": {"type": "Point", "coordinates": [30.2649622, 60.0074831]}, "properties": {"osm_id": "node/10207862614", "bench": "no", "bin": "yes", "bus": "yes", "covered": "yes", "highway": "bus_stop", "name": "улица Маршала Новикова", "public_transport": "platform", "shelter": "no"}}, {"type": "Feature", "geometry": {"type": "Point", "coordinates": [30.2481163, 60.0077828]}, "properties": {"osm_id": "node/10315748073", "name": "Стародеревенская улица", "public_transport": "stop_position", "railway": "tram_stop", "tram": "yes"}}, {"type": "Feature", "geometry": {"type": "Point", "coordinates": [30.2769975, 60.0599447]}, "properties": {"osm_id": "node/10542653077", "bench": "no", "bin": "no", "bus": "yes", "highway": "bus_stop", "name": "Шуваловский путепровод", "public_transport": "platform", "shelter": "no"}}, {"type": "Feature", "geometry": {"type": "Point", "coordinates": [30.281029, 60.0607934]}, "properties": {"osm_id": "node/10558420036", "bench": "yes", "bin": "yes", "bus": "yes", "highway": "bus_stop", "name": "Шуваловский путепровод", "public_transport": "platform", "shelter": "yes"}}, {"type": "Feature", "geometry": {"type": "Point", "coordinates": [30.1887939, 59.9897418]}, "properties": {"osm_id": "node/10573716991", "name": "Конечная станция «Лахтинский разлив»", "public_transport": "platform", "tram": "yes", "wheelchair": "limited"}}, {"type": "Feature", "geometry": {"type": "Point", "coordinates": [30.2021233, 59.9923609]}, "properties": {"osm_id": "node/10609052862", "bench": "yes", "bus": "yes", "highway": "bus_stop", "name": "Туристская улица", "public_transport": "platform", "shelter": "yes"}}, {"type": "Feature", "geometry": {"type": "Point", "coordinates": [30.299353, 59.9864298]}, "properties": {"osm_id": "node/10717790695", "bench": "yes", "bin": "yes", "bus": "yes", "highway": "bus_stop", "name": "станция метро «Чёрная речка»", "public_transport": "platform", "shelter": "yes"}}, {"type": "Feature", "geometry": {"type": "Point", "coordinates": [30.2165439, 60.0301634]}, "properties": {"osm_id": "node/10828129939", "bench": "yes", "bin": "yes", "bus": "yes", "highway": "bus_stop", "name": "Глухарская улица", "public_transport": "platform", "shelter": "yes", "tactile_paving": "no", "trolleybus": "yes"}}, {"type": "Feature", "geometry": {"type": "Point", "coordinates": [30.2120094, 60.0314375]}, "properties": {"osm_id": "node/10828129940", "bench": "yes", "bin": "no", "bus": "yes", "highway": "bus_stop", "name": "проспект Авиаконструкторов, угол Плесецкой улицы", "public_transport": "platform", "shelter": "yes", "trolleybus": "yes"}}, {"type": "Feature", "geometry": {"type": "Point", "coordinates": [30.2280316, 60.0348999]}, "properties": {"osm_id": "node/10990303262", "bench": "no", "bin": "no", "bus": "yes", "highway": "bus_stop", "name": "Комендантский проспект, угол Глухарской улицы", "public_transport": "platform", "shelter": "no", "trolleybus": "yes"}}, {"type": "Feature", "geometry": {"type": "Point", "coordinates": [30.3011448, 59.9884855]}, "properties": {"osm_id": "node/10990303264", "bench": "yes", "bin": "yes", "bus": "yes", "highway": "bus_stop", "lit": "no", "name": "Школьная улица", "public_transport": "platform", "shelter": "yes", "tactile_paving": "no"}}, {"type": "Feature", "geometry": {"type": "Point", "coordinates": [30.2126618, 60.0323832]}, "properties": {"osm_id": "node/11033075847", "bench": "yes", "bus": "yes", "highway": "bus_stop", "name": "Плесецкая улица", "public_transport": "platform", "shelter": "yes"}}, {"type": "Feature", "geometry": {"type": "Point", "coordinates": [30.2968603, 60.0031166]}, "properties": {"osm_id": "node/11040504634", "bench": "no", "bin": "yes", "lit": "yes", "name": "станция метро «Пионерская»", "public_transport": "platform", "shelter": "no", "tactile_paving": "no", "tram": "yes", "wheelchair": "yes"}}, {"type": "Feature", "geometry": {"type": "Point", "coordinates": [30.2962166, 60.0032641]}, "properties": {"osm_id": "node/11040504635", "lit": "yes", "name": "станция метро «Пионерская»", "public_transport": "platform", "tactile_paving": "no", "tram": "yes", "wheelchair": "yes"}}, {"type": "Feature", "geometry": {"type": "Point", "coordinates": [30.1791309, 59.9882814]}, "properties": {"osm_id": "node/11063813378", "bench": "yes", "bin": "yes", "bus": "yes", "disused:public_transport": "platform", "highway": "bus_stop", "shelter": "yes", "tactile_paving": "yes"}}, {"type": "Feature", "geometry": {"type": "Point", "coordinates": [30.1774532, 59.988547]}, "properties": {"osm_id": "node/11063813379", "bench": "yes", "bin": "yes", "bus": "yes", "disused:public_transport": "platform", "highway": "bus_stop", "shelter": "yes", "tactile_paving": "yes"}}, {"type": "Feature", "geometry": {"type": "Point", "coordinates": [30.2331841, 60.0121609]}, "properties": {"osm_id": "node/11150031217", "bench": "yes", "bus": "yes", "highway": "bus_stop", "shelter": "yes"}}, {"type": "Feature", "geometry": {"type": "Point", "coordinates": [30.2269663, 60.0089931]}, "properties": {"osm_id": "node/11150031268", "bench": "yes", "bus": "yes", "highway": "bus_stop", "shelter": "yes"}}, {"type": "Feature", "geometry": {"type": "Point", "coordinates": [30.2248812, 60.0209992]}, "properties": {"osm_id": "node/11160222072", "bench": "yes", "bin": "no", "bus": "yes", "highway": "bus_stop", "name": "Социальный фонд", "public_transport": "platform", "shelter": "yes"}}, {"type": "Feature", "geometry": {"type": "Point", "coordinates": [30.2013915, 60.0096518]}, "properties": {"osm_id": "node/11160556737", "bench": "yes", "bin": "no", "bus": "yes", "highway": "bus_stop", "lit": "yes", "name": "Камышовая улица, 56", "public_transport": "platform", "shelter": "yes", "tactile_paving": "yes"}}, {"type": "Feature", "geometry": {"type": "Point", "coordinates": [30.2077854, 60.0167516]}, "properties": {"osm_id": "node/11160737873", "bench": "yes", "bus": "yes", "highway": "bus_stop", "name": "Юнтоловский лесопарк", "public_transport": "platform", "shelter": "yes"}}, {"type": "Feature", "geometry": {"type": "Point", "coordinates": [30.2094761, 60.0171825]}, "properties": {"osm_id": "node/11160737884", "bench": "yes", "bus": "yes", "highway": "bus_stop", "name": "Юнтоловский лесопарк", "public_transport": "platform", "shelter": "yes"}}, {"type": "Feature", "geometry": {"type": "Point", "coordinates": [30.2032945, 60.013887]}, "properties": {"osm_id": "node/11160737934", "bench": "yes", "bus": "yes", "highway": "bus_stop", "name": "река Глухарка", "public_transport": "platform", "shelter": "yes"}}, {"type": "Feature", "geometry": {"type": "Point", "coordinates": [30.2021075, 60.0132028]}, "properties": {"osm_id": "node/11160737972", "bench": "yes", "bus": "yes", "highway": "bus_stop", "name": "река Глухарка", "public_transport": "platform", "shelter": "yes"}}, {"type": "Feature", "geometry": {"type": "Point", "coordinates": [30.2218005, 60.0326551]}, "properties": {"osm_id": "node/11304357502", "bench": "yes", "bus": "yes", "highway": "bus_stop", "name": "Нижне-Каменская улица", "public_transport": "platform", "shelter": "yes"}}, {"type": "Feature", "geometry": {"type": "Point", "coordinates": [30.3037584, 60.0185986]}, "properties": {"osm_id": "node/11306211674", "bench": "yes", "bin": "yes", "bus": "yes", "highway": "bus_stop", "name": "Афонская улица, 2", "public_transport": "platform", "request_stop": "yes", "shelter": "yes"}}, {"type": "Feature", "geometry": {"type": "Point", "coordinates": [30.2227905, 60.0325909]}, "properties": {"osm_id": "node/11343789726", "bench": "no", "bin": "no", "bus": "yes", "highway": "bus_stop", "shelter": "no"}}, {"type": "Feature", "geometry": {"type": "Point", "coordinates": [30.2145014, 60.0362455]}, "properties": {"osm_id": "node/11343821312", "bench": "yes", "bin": "yes", "bus": "yes", "highway": "bus_stop", "shelter": "yes"}}, {"type": "Feature", "geometry": {"type": "Point", "coordinates": [30.2123375, 60.0363719]}, "properties": {"osm_id": "node/11343821313", "bench": "yes", "bus": "yes", "highway": "bus_stop", "shelter": "yes", "tactile_paving": "no"}}, {"type": "Feature", "geometry": {"type": "Point", "coordinates": [30.2086281, 60.0358919]}, "properties": {"osm_id": "node/11343821314", "bench": "yes", "bin": "yes", "bus": "yes", "highway": "bus_stop", "shelter": "yes"}}, {"type": "Feature", "geometry": {"type": "Point", "coordinates": [30.2062062, 60.0358351]}, "properties": {"osm_id": "node/11343821315", "bench": "yes", "bin": "yes", "bus": "yes", "highway": "bus_stop", "shelter": "yes", "tactile_paving": "no"}}, {"type": "Feature", "geometry": {"type": "Point", "coordinates": [30.1911971, 60.0403612]}, "properties": {"osm_id": "node/11888669014", "bench": "no", "bin": "no", "bus": "yes", "highway": "bus_stop", "name": "посёлок Каменка", "public_transport": "platform", "shelter": "no", "tactile_paving": "no"}}, {"type": "Feature", "geometry": {"type": "Point", "coordinates": [30.2323905, 60.0385253]}, "properties": {"osm_id": "node/12346405430", "bench": "yes", "bin": "yes", "bus": "yes", "highway": "bus_stop", "name": "Плесецкая улица, угол проспекта Королева", "public_transport": "platform", "shelter": "yes"}}, {"type": "Feature", "geometry": {"type": "Point", "coordinates": [30.234599, 60.0388092]}, "properties": {"osm_id": "node/12346405451", "bench": "yes", "bin": "no", "bus": "yes", "highway": "bus_stop", "shelter": "yes"}}, {"type": "Feature", "geometry": {"type": "Point", "coordinates": [30.1969475, 60.0395612]}, "properties": {"osm_id": "node/12386569392", "bench": "yes", "bin": "yes", "bus": "yes", "highway": "bus_stop", "name": "проспект Авиаконструкторов, угол Арцеуловской аллеи", "public_transport": "platform", "shelter": "yes", "tactile_paving": "no", "trolleybus": "yes"}}, {"type": "Feature", "geometry": {"type": "Point", "coordinates": [30.2026483, 60.0360597]}, "properties": {"osm_id": "node/12386569393", "bench": "yes", "bin": "no", "bus": "yes", "highway": "bus_stop", "name": "проспект Авиаконструкторов, угол Верхне-Каменской улицы", "public_transport": "platform", "shelter": "yes", "tactile_paving": "no", "trolleybus": "yes"}}, {"type": "Feature", "geometry": {"type": "Point", "coordinates": [30.2099961, 60.0315307]}, "properties": {"osm_id": "node/12387101780", "bench": "yes", "bin": "no", "bus": "yes", "highway": "bus_stop", "shelter": "yes"}}, {"type": "Feature", "geometry": {"type": "Point", "coordinates": [30.2067711, 60.0290096]}, "properties": {"osm_id": "node/12387101781", "bench": "yes", "bin": "no", "bus": "yes", "highway": "bus_stop", "shelter": "yes"}}, {"type": "Feature", "geometry": {"type": "Point", "coordinates": [30.2397338, 60.0407456]}, "properties": {"osm_id": "node/12387119528", "bench": "yes", "bin": "no", "bus": "yes", "highway": "bus_stop", "shelter": "yes"}}, {"type": "Feature", "geometry": {"type": "Point", "coordinates": [30.2336749, 60.0381244]}, "properties": {"osm_id": "node/12754299825", "bench": "yes", "bin": "yes", "bus": "yes", "highway": "bus_stop", "name": "проспект Королёва, угол Плесецкой улицы", "public_transport": "platform", "shelter": "yes", "trolleybus": "yes"}}, {"type": "Feature", "geometry": {"type": "Point", "coordinates": [30.2268917, 60.0365524]}, "properties": {"osm_id": "node/12757046571", "bench": "yes", "bin": "yes", "bus": "yes", "highway": "bus_stop", "name": "Плесецкая улица, угол Комендантского проспекта", "public_transport": "platform", "shelter": "yes", "tactile_paving": "yes"}}, {"type": "Feature", "geometry": {"type": "Point", "coordinates": [30.2991434, 59.994267]}, "properties": {"osm_id": "node/12986627097", "bench": "no", "bin": "yes", "bus": "yes", "highway": "bus_stop", "name": "железнодорожная станция «Новая Деревня»", "public_transport": "platform", "shelter": "no"}}, {"type": "Feature", "geometry": {"type": "Point", "coordinates": [30.2103391, 60.0326106]}, "properties": {"osm_id": "node/13290725100", "bench": "yes", "bin": "no", "bus": "yes", "highway": "bus_stop", "name": "проспект Авиаконструкторов, угол Плесецкой улицы", "public_transport": "platform", "shelter": "yes", "tactile_paving": "no", "trolleybus": "yes"}}, {"type": "Feature", "geometry": {"type": "Point", "coordinates": [30.2876236, 59.9950315]}, "properties": {"osm_id": "node/13344663985", "bench": "no", "bin": "no", "highway": "bus_stop", "name": "Троллейбусный парк № 6", "public_transport": "platform", "request_stop": "yes", "shelter": "no", "trolleybus": "yes"}}, {"type": "Feature", "geometry": {"type": "Point", "coordinates": [30.2562591, 60.0071701]}, "properties": {"osm_id": "node/13344664103", "bench": "yes", "bin": "yes", "bus": "yes", "highway": "bus_stop", "name": "улица Ильюшина, станция метро «Комендантский проспект»", "public_transport": "platform", "shelter": "yes"}}, {"type": "Feature", "geometry": {"type": "Point", "coordinates": [30.258347, 60.0090682]}, "properties": {"osm_id": "node/13345272326", "bench": "yes", "bin": "yes", "bus": "yes", "highway": "bus_stop", "lit": "yes", "name": "станция метро «Комендантский проспект»", "public_transport": "platform", "shelter": "yes", "tactile_paving": "no", "trolleybus": "yes"}}, {"type": "Feature", "geometry": {"type": "Point", "coordinates": [30.2576579, 60.0090175]}, "properties": {"osm_id": "node/13345272328", "bench": "yes", "bin": "yes", "bus": "yes", "highway": "bus_stop", "lit": "yes", "name": "станция метро «Комендантский проспект»", "public_transport": "platform", "shelter": "yes", "tactile_paving": "no", "trolleybus": "yes"}}, {"type": "Feature", "geometry": {"type": "Point", "coordinates": [30.1278358, 60.0318451]}, "properties": {"osm_id": "node/13464954507", "bench": "no", "bin": "no", "bus": "yes", "highway": "bus_stop", "name": "Ивинская улица, 19", "public_transport": "platform", "shelter": "no", "tactile_paving": "no"}}, {"type": "Feature", "geometry": {"type": "Point", "coordinates": [30.1282802, 60.0314391]}, "properties": {"osm_id": "node/13464954508", "bench": "no", "bin": "no", "bus": "yes", "highway": "bus_stop", "name": "Ивинская улица, 19", "public_transport": "platform", "shelter": "no", "tactile_paving": "no"}}, {"type": "Feature", "geometry": {"type": "Point", "coordinates": [30.1968062, 60.0321668]}, "properties": {"osm_id": "node/13628887851", "bench": "yes", "bus": "yes", "disused:public_transport": "platform", "highway": "bus_stop", "shelter": "yes"}}, {"type": "Feature", "geometry": {"type": "Point", "coordinates": [30.1977371, 60.031379]}, "properties": {"osm_id": "node/13628887852", "bench": "yes", "bus": "yes", "disused:public_transport": "platform", "highway": "bus_stop", "shelter": "yes"}}, {"type": "Feature", "geometry": {"type": "Point", "coordinates": [30.190698, 60.034216]}, "properties": {"osm_id": "node/13628887938", "bench": "yes", "bus": "yes", "disused:public_transport": "platform", "highway": "bus_stop", "shelter": "yes"}}, {"type": "Feature", "geometry": {"type": "Point", "coordinates": [30.1894283, 60.0351756]}, "properties": {"osm_id": "node/13628887970", "bench": "yes", "bus": "yes", "disused:public_transport": "platform", "highway": "bus_stop", "shelter": "yes"}}, {"type": "Feature", "geometry": {"type": "Point", "coordinates": [30.1980364, 60.038328]}, "properties": {"osm_id": "node/13729724076", "bench": "yes", "bus": "yes", "highway": "bus_stop", "name": "проспект Авиаконструкторов, угол Арцеуловской аллеи", "public_transport": "platform", "shelter": "yes", "trolleybus": "yes"}}, {"type": "Feature", "geometry": {"type": "Point", "coordinates": [30.2040875, 60.0346749]}, "properties": {"osm_id": "node/13729724079", "bench": "yes", "bus": "yes", "highway": "bus_stop", "name": "проспект Авиаконструкторов, угол Верхне-Каменской улицы", "public_transport": "platform", "shelter": "yes", "trolleybus": "yes"}}, {"type": "Feature", "geometry": {"type": "Point", "coordinates": [30.2200332, 60.0345824]}, "properties": {"osm_id": "node/13729724082", "bench": "yes", "bus": "yes", "highway": "bus_stop", "name": "Нижне-Каменская улица", "public_transport": "platform", "shelter": "yes"}}, {"type": "Feature", "geometry": {"type": "Point", "coordinates": [30.224759, 60.0362647]}, "properties": {"osm_id": "node/13729724085", "bench": "yes", "bus": "yes", "highway": "bus_stop", "name": "Плесецкая улица, угол Комендантского проспекта", "public_transport": "platform", "shelter": "yes", "tactile_paving": "yes"}}, {"type": "Feature", "geometry": {"type": "Point", "coordinates": [30.2062985, 60.0280748]}, "properties": {"osm_id": "node/14014147379", "highway": "bus_stop"}}]}